Year,Race,No,Driver,Car,Pos (race),Points,Pos (qualifying),AvgAirTemp,AvgHumidity,AvgPressure,TotalRainfall,AvgTrackTemp,AvgWindDirection,AvgWindSpeed,Name
2022,Bahrain,16,1.7,1.6,1,26,1,23.62,29.49,1010.39,0,28.61,124.43,0.3,Charles Leclerc LEC
2022,Bahrain,10,1.4,1.0,20,0,10,23.62,29.49,1010.39,0,28.61,124.43,0.3,Pierre Gasly GAS
2022,Bahrain,1,2.1,1.8,19,0,2,23.62,29.49,1010.39,0,28.61,124.43,0.3,Max Verstappen VER
2022,Bahrain,11,1.3,1.8,18,0,4,23.62,29.49,1010.39,0,28.61,124.43,0.3,Sergio Perez PER
2022,Bahrain,27,1.1,1.9,17,0,17,23.62,29.49,1010.39,0,28.61,124.43,0.3,Nico Hulkenberg HUL
2022,Bahrain,4,1.6,1.9,15,0,13,23.62,29.49,1010.39,0,28.61,124.43,0.3,Lando Norris NOR
2022,Bahrain,3,1.0,1.9,14,0,18,23.62,29.49,1010.39,0,28.61,124.43,0.3,Daniel Ricciardo RIC
2022,Bahrain,23,1.2,1.9,13,0,14,23.62,29.49,1010.39,0,28.61,124.43,0.3,Alexander Albon ALB
2022,Bahrain,18,1.0,1.9,12,0,19,23.62,29.49,1010.39,0,28.61,124.43,0.3,Lance Stroll STR
2022,Bahrain,24,0.9,1.6,10,1,15,23.62,29.49,1010.39,0,28.61,124.43,0.3,Zhou Guanyu ZHO
2022,Bahrain,14,1.2,1.2,9,2,8,23.62,29.49,1010.39,0,28.61,124.43,0.3,Fernando Alonso ALO
2022,Bahrain,22,1.0,1.0,8,4,16,23.62,29.49,1010.39,0,28.61,124.43,0.3,Yuki Tsunoda TSU
2022,Bahrain,31,1.4,1.2,7,6,11,23.62,29.49,1010.39,0,28.61,124.43,0.3,Esteban Ocon OCO
2022,Bahrain,77,1.5,1.6,6,8,6,23.62,29.49,1010.39,0,28.61,124.43,0.3,Valtteri Bottas BOT
2022,Bahrain,20,1.0,1.6,5,10,7,23.62,29.49,1010.39,0,28.61,124.43,0.3,Kevin Magnussen MAG
2022,Bahrain,63,1.8,1.9,4,12,9,23.62,29.49,1010.39,0,28.61,124.43,0.3,George Russell RUS
2022,Bahrain,44,2.2,1.9,3,15,5,23.62,29.49,1010.39,0,28.61,124.43,0.3,Lewis Hamilton HAM
2022,Bahrain,55,1.6,1.6,2,18,3,23.62,29.49,1010.39,0,28.61,124.43,0.3,Carlos Sainz SAI
2022,Saudi Arabia,27,1.1,1.9,12,0,18,25.42,59.66,1012.78,0,28.41,304.51,2.36,Nico Hulkenberg HUL
2022,Saudi Arabia,18,1.0,1.9,13,0,15,25.42,59.66,1012.78,0,28.41,304.51,2.36,Lance Stroll STR
2022,Saudi Arabia,22,1.0,1.0,15,0,20,25.42,59.66,1012.78,0,28.41,304.51,2.36,Yuki Tsunoda TSU
2022,Saudi Arabia,31,1.4,1.2,6,8,5,25.42,59.66,1012.78,0,28.41,304.51,2.36,Esteban Ocon OCO
2022,Saudi Arabia,63,1.8,1.9,5,10,6,25.42,59.66,1012.78,0,28.41,304.51,2.36,George Russell RUS
2022,Saudi Arabia,11,1.3,1.8,4,12,1,25.42,59.66,1012.78,0,28.41,304.51,2.36,Sergio Perez PER
2022,Saudi Arabia,55,1.6,1.6,3,15,3,25.42,59.66,1012.78,0,28.41,304.51,2.36,Carlos Sainz SAI
2022,Saudi Arabia,16,1.7,1.6,2,19,2,25.42,59.66,1012.78,0,28.41,304.51,2.36,Charles Leclerc LEC
2022,Saudi Arabia,1,2.1,1.8,1,25,4,25.42,59.66,1012.78,0,28.41,304.51,2.36,Max Verstappen VER
2022,Saudi Arabia,77,1.5,1.6,15,0,8,25.42,59.66,1012.78,0,28.41,304.51,2.36,Valtteri Bottas BOT
2022,Saudi Arabia,23,1.2,1.9,14,0,17,25.42,59.66,1012.78,0,28.41,304.51,2.36,Alexander Albon ALB
2022,Saudi Arabia,3,1.0,1.9,15,0,12,25.42,59.66,1012.78,0,28.41,304.51,2.36,Daniel Ricciardo RIC
2022,Saudi Arabia,4,1.6,1.9,7,6,11,25.42,59.66,1012.78,0,28.41,304.51,2.36,Lando Norris NOR
2022,Saudi Arabia,10,1.4,1.0,8,4,9,25.42,59.66,1012.78,0,28.41,304.51,2.36,Pierre Gasly GAS
2022,Saudi Arabia,20,1.0,1.6,9,2,10,25.42,59.66,1012.78,0,28.41,304.51,2.36,Kevin Magnussen MAG
2022,Saudi Arabia,44,2.2,1.9,10,1,16,25.42,59.66,1012.78,0,28.41,304.51,2.36,Lewis Hamilton HAM
2022,Saudi Arabia,24,0.9,1.6,11,0,13,25.42,59.66,1012.78,0,28.41,304.51,2.36,Zhou Guanyu ZHO
2022,Saudi Arabia,14,1.2,1.2,15,0,7,25.42,59.66,1012.78,0,28.41,304.51,2.36,Fernando Alonso ALO
2022,Australia,1,2.1,1.8,18,0,2,26.7,43.65,1014.25,0,37.41,272.84,1.81,Max Verstappen VER
2022,Australia,55,1.6,1.6,18,0,9,26.7,43.65,1014.25,0,37.41,272.84,1.81,Carlos Sainz SAI
2022,Australia,14,1.2,1.2,17,0,10,26.7,43.65,1014.25,0,37.41,272.84,1.81,Fernando Alonso ALO
2022,Australia,18,1.0,1.9,12,0,19,26.7,43.65,1014.25,0,37.41,272.84,1.81,Lance Stroll STR
2022,Australia,22,1.0,1.0,15,0,13,26.7,43.65,1014.25,0,37.41,272.84,1.81,Yuki Tsunoda TSU
2022,Australia,20,1.0,1.6,14,0,16,26.7,43.65,1014.25,0,37.41,272.84,1.81,Kevin Magnussen MAG
2022,Australia,24,0.9,1.6,11,0,14,26.7,43.65,1014.25,0,37.41,272.84,1.81,Zhou Guanyu ZHO
2022,Australia,23,1.2,1.9,10,1,19,26.7,43.65,1014.25,0,37.41,272.84,1.81,Alexander Albon ALB
2022,Australia,10,1.4,1.0,9,2,11,26.7,43.65,1014.25,0,37.41,272.84,1.81,Pierre Gasly GAS
2022,Australia,77,1.5,1.6,8,4,12,26.7,43.65,1014.25,0,37.41,272.84,1.81,Valtteri Bottas BOT
2022,Australia,31,1.4,1.2,7,6,8,26.7,43.65,1014.25,0,37.41,272.84,1.81,Esteban Ocon OCO
2022,Australia,3,1.0,1.9,6,8,7,26.7,43.65,1014.25,0,37.41,272.84,1.81,Daniel Ricciardo RIC
2022,Australia,4,1.6,1.9,5,10,4,26.7,43.65,1014.25,0,37.41,272.84,1.81,Lando Norris NOR
2022,Australia,44,2.2,1.9,4,12,5,26.7,43.65,1014.25,0,37.41,272.84,1.81,Lewis Hamilton HAM
2022,Australia,63,1.8,1.9,3,15,6,26.7,43.65,1014.25,0,37.41,272.84,1.81,George Russell RUS
2022,Australia,11,1.3,1.8,2,18,3,26.7,43.65,1014.25,0,37.41,272.84,1.81,Sergio Perez PER
2022,Australia,16,1.7,1.6,1,26,1,26.7,43.65,1014.25,0,37.41,272.84,1.81,Charles Leclerc LEC
2022,Imola,1,2.1,1.8,1,26,1,12.9,83.17,1001.04,0,17.42,87.8,1.48,Max Verstappen VER
2022,Imola,24,0.9,1.6,15,0,14,12.9,83.17,1001.04,0,17.42,87.8,1.48,Zhou Guanyu ZHO
2022,Imola,31,1.4,1.2,14,0,19,12.9,83.17,1001.04,0,17.42,87.8,1.48,Esteban Ocon OCO
2022,Imola,44,2.2,1.9,13,0,13,12.9,83.17,1001.04,0,17.42,87.8,1.48,Lewis Hamilton HAM
2022,Imola,10,1.4,1.0,12,0,17,12.9,83.17,1001.04,0,17.42,87.8,1.48,Pierre Gasly GAS
2022,Imola,14,1.2,1.2,19,0,5,12.9,83.17,1001.04,0,17.42,87.8,1.48,Fernando Alonso ALO
2022,Imola,23,1.2,1.9,11,0,20,12.9,83.17,1001.04,0,17.42,87.8,1.48,Alexander Albon ALB
2022,Imola,18,1.0,1.9,10,1,15,12.9,83.17,1001.04,0,17.42,87.8,1.48,Lance Stroll STR
2022,Imola,3,1.0,1.9,18,0,6,12.9,83.17,1001.04,0,17.42,87.8,1.48,Daniel Ricciardo RIC
2022,Imola,22,1.0,1.0,7,6,16,12.9,83.17,1001.04,0,17.42,87.8,1.48,Yuki Tsunoda TSU
2022,Imola,16,1.7,1.6,6,8,2,12.9,83.17,1001.04,0,17.42,87.8,1.48,Charles Leclerc LEC
2022,Imola,77,1.5,1.6,5,10,8,12.9,83.17,1001.04,0,17.42,87.8,1.48,Valtteri Bottas BOT
2022,Imola,63,1.8,1.9,4,12,11,12.9,83.17,1001.04,0,17.42,87.8,1.48,George Russell RUS
2022,Imola,4,1.6,1.9,3,15,3,12.9,83.17,1001.04,0,17.42,87.8,1.48,Lando Norris NOR
2022,Imola,55,1.6,1.6,19,0,10,12.9,83.17,1001.04,0,17.42,87.8,1.48,Carlos Sainz SAI
2022,Imola,20,1.0,1.6,9,2,4,12.9,83.17,1001.04,0,17.42,87.8,1.48,Kevin Magnussen MAG
2022,Imola,11,1.3,1.8,2,18,7,12.9,83.17,1001.04,0,17.42,87.8,1.48,Sergio Perez PER
2022,Miami,24,0.9,1.6,18,0,17,30.62,58.86,1009.3,9,42.82,174.39,2.27,Zhou Guanyu ZHO
2022,Miami,14,1.2,1.2,11,0,11,30.62,58.86,1009.3,9,42.82,174.39,2.27,Fernando Alonso ALO
2022,Miami,22,1.0,1.0,12,0,9,30.62,58.86,1009.3,9,42.82,174.39,2.27,Yuki Tsunoda TSU
2022,Miami,3,1.0,1.9,13,0,14,30.62,58.86,1009.3,9,42.82,174.39,2.27,Daniel Ricciardo RIC
2022,Miami,4,1.6,1.9,18,0,8,30.62,58.86,1009.3,9,42.82,174.39,2.27,Lando Norris NOR
2022,Miami,18,1.0,1.9,10,1,10,30.62,58.86,1009.3,9,42.82,174.39,2.27,Lance Stroll STR
2022,Miami,23,1.2,1.9,9,2,18,30.62,58.86,1009.3,9,42.82,174.39,2.27,Alexander Albon ALB
2022,Miami,31,1.4,1.2,8,4,20,30.62,58.86,1009.3,9,42.82,174.39,2.27,Esteban Ocon OCO
2022,Miami,77,1.5,1.6,7,6,5,30.62,58.86,1009.3,9,42.82,174.39,2.27,Valtteri Bottas BOT
2022,Miami,44,2.2,1.9,6,8,6,30.62,58.86,1009.3,9,42.82,174.39,2.27,Lewis Hamilton HAM
2022,Miami,63,1.8,1.9,5,10,12,30.62,58.86,1009.3,9,42.82,174.39,2.27,George Russell RUS
2022,Miami,11,1.3,1.8,4,12,4,30.62,58.86,1009.3,9,42.82,174.39,2.27,Sergio Perez PER
2022,Miami,55,1.6,1.6,3,15,2,30.62,58.86,1009.3,9,42.82,174.39,2.27,Carlos Sainz SAI
2022,Miami,16,1.7,1.6,2,18,1,30.62,58.86,1009.3,9,42.82,174.39,2.27,Charles Leclerc LEC
2022,Miami,1,2.1,1.8,1,26,3,30.62,58.86,1009.3,9,42.82,174.39,2.27,Max Verstappen VER
2022,Miami,20,1.0,1.6,16,0,16,30.62,58.86,1009.3,9,42.82,174.39,2.27,Kevin Magnussen MAG
2022,Miami,10,1.4,1.0,18,0,7,30.62,58.86,1009.3,9,42.82,174.39,2.27,Pierre Gasly GAS
2022,Spain,24,0.9,1.6,19,0,15,36.57,7.11,996.02,0,48.96,176.83,3.49,Zhou Guanyu ZHO
2022,Spain,23,1.2,1.9,18,0,19,36.57,7.11,996.02,0,48.96,176.83,3.49,Alexander Albon ALB
2022,Spain,22,1.0,1.0,10,1,13,36.57,7.11,996.02,0,48.96,176.83,3.49,Yuki Tsunoda TSU
2022,Spain,18,1.0,1.9,15,0,18,36.57,7.11,996.02,0,48.96,176.83,3.49,Lance Stroll STR
2022,Spain,10,1.4,1.0,13,0,14,36.57,7.11,996.02,0,48.96,176.83,3.49,Pierre Gasly GAS
2022,Spain,55,1.6,1.6,4,12,3,36.57,7.11,996.02,0,48.96,176.83,3.49,Carlos Sainz SAI
2022,Spain,14,1.2,1.2,9,2,17,36.57,7.11,996.02,0,48.96,176.83,3.49,Fernando Alonso ALO
2022,Spain,4,1.6,1.9,8,4,11,36.57,7.11,996.02,0,48.96,176.83,3.49,Lando Norris NOR
2022,Spain,31,1.4,1.2,7,6,12,36.57,7.11,996.02,0,48.96,176.83,3.49,Esteban Ocon OCO
2022,Spain,20,1.0,1.6,17,0,8,36.57,7.11,996.02,0,48.96,176.83,3.49,Kevin Magnussen MAG
2022,Spain,3,1.0,1.9,12,0,9,36.57,7.11,996.02,0,48.96,176.83,3.49,Daniel Ricciardo RIC
2022,Spain,44,2.2,1.9,5,10,6,36.57,7.11,996.02,0,48.96,176.83,3.49,Lewis Hamilton HAM
2022,Spain,16,1.7,1.6,19,0,1,36.57,7.11,996.02,0,48.96,176.83,3.49,Charles Leclerc LEC
2022,Spain,1,2.1,1.8,1,25,2,36.57,7.11,996.02,0,48.96,176.83,3.49,Max Verstappen VER
2022,Spain,77,1.5,1.6,6,8,7,36.57,7.11,996.02,0,48.96,176.83,3.49,Valtteri Bottas BOT
2022,Spain,11,1.3,1.8,2,19,5,36.57,7.11,996.02,0,48.96,176.83,3.49,Sergio Perez PER
2022,Spain,63,1.8,1.9,3,15,4,36.57,7.11,996.02,0,48.96,176.83,3.49,George Russell RUS
2022,Monaco,16,1.7,1.6,4,12,1,22.27,75.67,1002.99,107,31.04,206.38,0.99,Charles Leclerc LEC
2022,Monaco,20,1.0,1.6,18,0,13,22.27,75.67,1002.99,107,31.04,206.38,0.99,Kevin Magnussen MAG
2022,Monaco,23,1.2,1.9,18,0,16,22.27,75.67,1002.99,107,31.04,206.38,0.99,Alexander Albon ALB
2022,Monaco,22,1.0,1.0,17,0,11,22.27,75.67,1002.99,107,31.04,206.38,0.99,Yuki Tsunoda TSU
2022,Monaco,63,1.8,1.9,5,10,6,22.27,75.67,1002.99,107,31.04,206.38,0.99,George Russell RUS
2022,Monaco,24,0.9,1.6,16,0,20,22.27,75.67,1002.99,107,31.04,206.38,0.99,Zhou Guanyu ZHO
2022,Monaco,18,1.0,1.9,14,0,18,22.27,75.67,1002.99,107,31.04,206.38,0.99,Lance Stroll STR
2022,Monaco,3,1.0,1.9,13,0,14,22.27,75.67,1002.99,107,31.04,206.38,0.99,Daniel Ricciardo RIC
2022,Monaco,31,1.4,1.2,12,0,10,22.27,75.67,1002.99,107,31.04,206.38,0.99,Esteban Ocon OCO
2022,Monaco,10,1.4,1.0,11,0,17,22.27,75.67,1002.99,107,31.04,206.38,0.99,Pierre Gasly GAS
2022,Monaco,77,1.5,1.6,9,2,12,22.27,75.67,1002.99,107,31.04,206.38,0.99,Valtteri Bottas BOT
2022,Monaco,14,1.2,1.2,7,6,7,22.27,75.67,1002.99,107,31.04,206.38,0.99,Fernando Alonso ALO
2022,Monaco,4,1.6,1.9,6,9,5,22.27,75.67,1002.99,107,31.04,206.38,0.99,Lando Norris NOR
2022,Monaco,11,1.3,1.8,1,25,3,22.27,75.67,1002.99,107,31.04,206.38,0.99,Sergio Perez PER
2022,Monaco,55,1.6,1.6,2,18,2,22.27,75.67,1002.99,107,31.04,206.38,0.99,Carlos Sainz SAI
2022,Monaco,1,2.1,1.8,3,15,4,22.27,75.67,1002.99,107,31.04,206.38,0.99,Max Verstappen VER
2022,Monaco,44,2.2,1.9,8,4,8,22.27,75.67,1002.99,107,31.04,206.38,0.99,Lewis Hamilton HAM
2022,Azerbaijan,23,1.2,1.9,12,0,17,25.44,59.49,1009.9,0,47.15,266.29,1.53,Alexander Albon ALB
2022,Azerbaijan,22,1.0,1.0,13,0,8,25.44,59.49,1009.9,0,47.15,266.29,1.53,Yuki Tsunoda TSU
2022,Azerbaijan,1,2.1,1.8,1,25,3,25.44,59.49,1009.9,0,47.15,266.29,1.53,Max Verstappen VER
2022,Azerbaijan,18,1.0,1.9,16,0,19,25.44,59.49,1009.9,0,47.15,266.29,1.53,Lance Stroll STR
2022,Azerbaijan,20,1.0,1.6,17,0,16,25.44,59.49,1009.9,0,47.15,266.29,1.53,Kevin Magnussen MAG
2022,Azerbaijan,24,0.9,1.6,17,0,14,25.44,59.49,1009.9,0,47.15,266.29,1.53,Zhou Guanyu ZHO
2022,Azerbaijan,16,1.7,1.6,17,0,1,25.44,59.49,1009.9,0,47.15,266.29,1.53,Charles Leclerc LEC
2022,Azerbaijan,55,1.6,1.6,17,0,4,25.44,59.49,1009.9,0,47.15,266.29,1.53,Carlos Sainz SAI
2022,Azerbaijan,77,1.5,1.6,11,0,15,25.44,59.49,1009.9,0,47.15,266.29,1.53,Valtteri Bottas BOT
2022,Azerbaijan,31,1.4,1.2,10,1,13,25.44,59.49,1009.9,0,47.15,266.29,1.53,Esteban Ocon OCO
2022,Azerbaijan,4,1.6,1.9,9,2,11,25.44,59.49,1009.9,0,47.15,266.29,1.53,Lando Norris NOR
2022,Azerbaijan,3,1.0,1.9,8,4,12,25.44,59.49,1009.9,0,47.15,266.29,1.53,Daniel Ricciardo RIC
2022,Azerbaijan,14,1.2,1.2,7,6,10,25.44,59.49,1009.9,0,47.15,266.29,1.53,Fernando Alonso ALO
2022,Azerbaijan,10,1.4,1.0,5,10,6,25.44,59.49,1009.9,0,47.15,266.29,1.53,Pierre Gasly GAS
2022,Azerbaijan,11,1.3,1.8,2,19,2,25.44,59.49,1009.9,0,47.15,266.29,1.53,Sergio Perez PER
2022,Azerbaijan,63,1.8,1.9,3,15,5,25.44,59.49,1009.9,0,47.15,266.29,1.53,George Russell RUS
2022,Azerbaijan,44,2.2,1.9,4,12,7,25.44,59.49,1009.9,0,47.15,266.29,1.53,Lewis Hamilton HAM
2022,Canada,1,2.1,1.8,1,25,1,20.76,28.93,1012.4,0,41.26,141.24,3.55,Max Verstappen VER
2022,Canada,3,1.0,1.9,11,0,9,20.76,28.93,1012.4,0,41.26,141.24,3.55,Daniel Ricciardo RIC
2022,Canada,44,2.2,1.9,3,15,4,20.76,28.93,1012.4,0,41.26,141.24,3.55,Lewis Hamilton HAM
2022,Canada,63,1.8,1.9,4,12,8,20.76,28.93,1012.4,0,41.26,141.24,3.55,George Russell RUS
2022,Canada,16,1.7,1.6,5,10,15,20.76,28.93,1012.4,0,41.26,141.24,3.55,Charles Leclerc LEC
2022,Canada,31,1.4,1.2,6,8,7,20.76,28.93,1012.4,0,41.26,141.24,3.55,Esteban Ocon OCO
2022,Canada,77,1.5,1.6,7,6,11,20.76,28.93,1012.4,0,41.26,141.24,3.55,Valtteri Bottas BOT
2022,Canada,24,0.9,1.6,8,4,10,20.76,28.93,1012.4,0,41.26,141.24,3.55,Zhou Guanyu ZHO
2022,Canada,55,1.6,1.6,2,19,3,20.76,28.93,1012.4,0,41.26,141.24,3.55,Carlos Sainz SAI
2022,Canada,18,1.0,1.9,10,1,18,20.76,28.93,1012.4,0,41.26,141.24,3.55,Lance Stroll STR
2022,Canada,11,1.3,1.8,18,0,13,20.76,28.93,1012.4,0,41.26,141.24,3.55,Sergio Perez PER
2022,Canada,22,1.0,1.0,18,0,20,20.76,28.93,1012.4,0,41.26,141.24,3.55,Yuki Tsunoda TSU
2022,Canada,20,1.0,1.6,17,0,5,20.76,28.93,1012.4,0,41.26,141.24,3.55,Kevin Magnussen MAG
2022,Canada,4,1.6,1.9,15,0,14,20.76,28.93,1012.4,0,41.26,141.24,3.55,Lando Norris NOR
2022,Canada,10,1.4,1.0,14,0,16,20.76,28.93,1012.4,0,41.26,141.24,3.55,Pierre Gasly GAS
2022,Canada,23,1.2,1.9,13,0,12,20.76,28.93,1012.4,0,41.26,141.24,3.55,Alexander Albon ALB
2022,Canada,14,1.2,1.2,9,2,2,20.76,28.93,1012.4,0,41.26,141.24,3.55,Fernando Alonso ALO
2022,Great Britain,20,1.0,1.6,10,1,17,18.25,59.75,1002.36,9,30.03,160.49,1.46,Kevin Magnussen MAG
2022,Great Britain,18,1.0,1.9,11,0,20,18.25,59.75,1002.36,9,30.03,160.49,1.46,Lance Stroll STR
2022,Great Britain,3,1.0,1.9,13,0,14,18.25,59.75,1002.36,9,30.03,160.49,1.46,Daniel Ricciardo RIC
2022,Great Britain,24,0.9,1.6,15,0,9,18.25,59.75,1002.36,9,30.03,160.49,1.46,Zhou Guanyu ZHO
2022,Great Britain,31,1.4,1.2,15,0,15,18.25,59.75,1002.36,9,30.03,160.49,1.46,Esteban Ocon OCO
2022,Great Britain,10,1.4,1.0,15,0,11,18.25,59.75,1002.36,9,30.03,160.49,1.46,Pierre Gasly GAS
2022,Great Britain,77,1.5,1.6,15,0,12,18.25,59.75,1002.36,9,30.03,160.49,1.46,Valtteri Bottas BOT
2022,Great Britain,63,1.8,1.9,15,0,8,18.25,59.75,1002.36,9,30.03,160.49,1.46,George Russell RUS
2022,Great Britain,23,1.2,1.9,15,0,16,18.25,59.75,1002.36,9,30.03,160.49,1.46,Alexander Albon ALB
2022,Great Britain,22,1.0,1.0,14,0,13,18.25,59.75,1002.36,9,30.03,160.49,1.46,Yuki Tsunoda TSU
2022,Great Britain,1,2.1,1.8,7,6,2,18.25,59.75,1002.36,9,30.03,160.49,1.46,Max Verstappen VER
2022,Great Britain,4,1.6,1.9,6,8,6,18.25,59.75,1002.36,9,30.03,160.49,1.46,Lando Norris NOR
2022,Great Britain,14,1.2,1.2,5,10,7,18.25,59.75,1002.36,9,30.03,160.49,1.46,Fernando Alonso ALO
2022,Great Britain,16,1.7,1.6,4,12,3,18.25,59.75,1002.36,9,30.03,160.49,1.46,Charles Leclerc LEC
2022,Great Britain,44,2.2,1.9,3,16,5,18.25,59.75,1002.36,9,30.03,160.49,1.46,Lewis Hamilton HAM
2022,Great Britain,11,1.3,1.8,2,18,4,18.25,59.75,1002.36,9,30.03,160.49,1.46,Sergio Perez PER
2022,Great Britain,55,1.6,1.6,1,25,1,18.25,59.75,1002.36,9,30.03,160.49,1.46,Carlos Sainz SAI
2022,Austria,20,1.0,1.6,8,4,6,20.26,35.14,939.71,0,30.75,165.43,1.26,Kevin Magnussen MAG
2022,Austria,31,1.4,1.2,5,10,5,20.26,35.14,939.71,0,30.75,165.43,1.26,Esteban Ocon OCO
2022,Austria,63,1.8,1.9,4,12,4,20.26,35.14,939.71,0,30.75,165.43,1.26,George Russell RUS
2022,Austria,44,2.2,1.9,3,15,9,20.26,35.14,939.71,0,30.75,165.43,1.26,Lewis Hamilton HAM
2022,Austria,1,2.1,1.8,2,19,1,20.26,35.14,939.71,0,30.75,165.43,1.26,Max Verstappen VER
2022,Austria,16,1.7,1.6,1,25,2,20.26,35.14,939.71,0,30.75,165.43,1.26,Charles Leclerc LEC
2022,Austria,77,1.5,1.6,11,0,12,20.26,35.14,939.71,0,30.75,165.43,1.26,Valtteri Bottas BOT
2022,Austria,24,0.9,1.6,14,0,18,20.26,35.14,939.71,0,30.75,165.43,1.26,Zhou Guanyu ZHO
2022,Austria,18,1.0,1.9,13,0,17,20.26,35.14,939.71,0,30.75,165.43,1.26,Lance Stroll STR
2022,Austria,3,1.0,1.9,9,2,16,20.26,35.14,939.71,0,30.75,165.43,1.26,Daniel Ricciardo RIC
2022,Austria,10,1.4,1.0,15,0,10,20.26,35.14,939.71,0,30.75,165.43,1.26,Pierre Gasly GAS
2022,Austria,22,1.0,1.0,16,0,14,20.26,35.14,939.71,0,30.75,165.43,1.26,Yuki Tsunoda TSU
2022,Austria,55,1.6,1.6,18,0,3,20.26,35.14,939.71,0,30.75,165.43,1.26,Carlos Sainz SAI
2022,Austria,11,1.3,1.8,18,0,13,20.26,35.14,939.71,0,30.75,165.43,1.26,Sergio Perez PER
2022,Austria,23,1.2,1.9,12,0,11,20.26,35.14,939.71,0,30.75,165.43,1.26,Alexander Albon ALB
2022,Austria,14,1.2,1.2,10,1,8,20.26,35.14,939.71,0,30.75,165.43,1.26,Fernando Alonso ALO
2022,Austria,4,1.6,1.9,7,6,15,20.26,35.14,939.71,0,30.75,165.43,1.26,Lando Norris NOR
2022,France,10,1.4,1.0,12,0,16,30.16,47.73,967.91,0,54.46,118.15,1.95,Pierre Gasly GAS
2022,France,23,1.2,1.9,13,0,15,30.16,47.73,967.91,0,54.46,118.15,1.95,Alexander Albon ALB
2022,France,11,1.3,1.8,4,12,3,30.16,47.73,967.91,0,54.46,118.15,1.95,Sergio Perez PER
2022,France,55,1.6,1.6,5,11,9,30.16,47.73,967.91,0,54.46,118.15,1.95,Carlos Sainz SAI
2022,France,14,1.2,1.2,6,8,7,30.16,47.73,967.91,0,54.46,118.15,1.95,Fernando Alonso ALO
2022,France,4,1.6,1.9,7,6,5,30.16,47.73,967.91,0,54.46,118.15,1.95,Lando Norris NOR
2022,France,31,1.4,1.2,8,4,12,30.16,47.73,967.91,0,54.46,118.15,1.95,Esteban Ocon OCO
2022,France,3,1.0,1.9,9,2,11,30.16,47.73,967.91,0,54.46,118.15,1.95,Daniel Ricciardo RIC
2022,France,77,1.5,1.6,14,0,13,30.16,47.73,967.91,0,54.46,118.15,1.95,Valtteri Bottas BOT
2022,France,18,1.0,1.9,10,1,17,30.16,47.73,967.91,0,54.46,118.15,1.95,Lance Stroll STR
2022,France,44,2.2,1.9,2,18,4,30.16,47.73,967.91,0,54.46,118.15,1.95,Lewis Hamilton HAM
2022,France,1,2.1,1.8,1,25,2,30.16,47.73,967.91,0,54.46,118.15,1.95,Max Verstappen VER
2022,France,24,0.9,1.6,16,0,18,30.16,47.73,967.91,0,54.46,118.15,1.95,Zhou Guanyu ZHO
2022,France,20,1.0,1.6,17,0,10,30.16,47.73,967.91,0,54.46,118.15,1.95,Kevin Magnussen MAG
2022,France,16,1.7,1.6,17,0,1,30.16,47.73,967.91,0,54.46,118.15,1.95,Charles Leclerc LEC
2022,France,22,1.0,1.0,17,0,8,30.16,47.73,967.91,0,54.46,118.15,1.95,Yuki Tsunoda TSU
2022,France,63,1.8,1.9,3,15,6,30.16,47.73,967.91,0,54.46,118.15,1.95,George Russell RUS
2022,Hungary,1,2.1,1.8,1,25,10,18.56,69.32,985.58,46,26.72,285.23,4.03,Max Verstappen VER
2022,Hungary,44,2.2,1.9,2,19,7,18.56,69.32,985.58,46,26.72,285.23,4.03,Lewis Hamilton HAM
2022,Hungary,10,1.4,1.0,12,0,19,18.56,69.32,985.58,46,26.72,285.23,4.03,Pierre Gasly GAS
2022,Hungary,24,0.9,1.6,13,0,12,18.56,69.32,985.58,46,26.72,285.23,4.03,Zhou Guanyu ZHO
2022,Hungary,55,1.6,1.6,4,12,2,18.56,69.32,985.58,46,26.72,285.23,4.03,Carlos Sainz SAI
2022,Hungary,63,1.8,1.9,3,15,1,18.56,69.32,985.58,46,26.72,285.23,4.03,George Russell RUS
2022,Hungary,18,1.0,1.9,11,0,14,18.56,69.32,985.58,46,26.72,285.23,4.03,Lance Stroll STR
2022,Hungary,77,1.5,1.6,20,0,8,18.56,69.32,985.58,46,26.72,285.23,4.03,Valtteri Bottas BOT
2022,Hungary,22,1.0,1.0,19,0,16,18.56,69.32,985.58,46,26.72,285.23,4.03,Yuki Tsunoda TSU
2022,Hungary,23,1.2,1.9,17,0,17,18.56,69.32,985.58,46,26.72,285.23,4.03,Alexander Albon ALB
2022,Hungary,3,1.0,1.9,15,0,9,18.56,69.32,985.58,46,26.72,285.23,4.03,Daniel Ricciardo RIC
2022,Hungary,31,1.4,1.2,9,2,5,18.56,69.32,985.58,46,26.72,285.23,4.03,Esteban Ocon OCO
2022,Hungary,14,1.2,1.2,8,4,6,18.56,69.32,985.58,46,26.72,285.23,4.03,Fernando Alonso ALO
2022,Hungary,4,1.6,1.9,7,6,4,18.56,69.32,985.58,46,26.72,285.23,4.03,Lando Norris NOR
2022,Hungary,16,1.7,1.6,6,8,3,18.56,69.32,985.58,46,26.72,285.23,4.03,Charles Leclerc LEC
2022,Hungary,11,1.3,1.8,5,10,11,18.56,69.32,985.58,46,26.72,285.23,4.03,Sergio Perez PER
2022,Hungary,20,1.0,1.6,16,0,13,18.56,69.32,985.58,46,26.72,285.23,4.03,Kevin Magnussen MAG
2022,Belgium,55,1.6,1.6,3,15,2,21.79,40.52,971.05,0,36.08,257.15,1.52,Carlos Sainz SAI
2022,Belgium,1,2.1,1.8,1,26,1,21.79,40.52,971.05,0,36.08,257.15,1.52,Max Verstappen VER
2022,Belgium,11,1.3,1.8,2,18,3,21.79,40.52,971.05,0,36.08,257.15,1.52,Sergio Perez PER
2022,Belgium,63,1.8,1.9,4,12,8,21.79,40.52,971.05,0,36.08,257.15,1.52,George Russell RUS
2022,Belgium,16,1.7,1.6,6,8,4,21.79,40.52,971.05,0,36.08,257.15,1.52,Charles Leclerc LEC
2022,Belgium,31,1.4,1.2,7,6,5,21.79,40.52,971.05,0,36.08,257.15,1.52,Esteban Ocon OCO
2022,Belgium,10,1.4,1.0,9,2,12,21.79,40.52,971.05,0,36.08,257.15,1.52,Pierre Gasly GAS
2022,Belgium,23,1.2,1.9,10,1,9,21.79,40.52,971.05,0,36.08,257.15,1.52,Alexander Albon ALB
2022,Belgium,18,1.0,1.9,11,0,14,21.79,40.52,971.05,0,36.08,257.15,1.52,Lance Stroll STR
2022,Belgium,4,1.6,1.9,12,0,10,21.79,40.52,971.05,0,36.08,257.15,1.52,Lando Norris NOR
2022,Belgium,22,1.0,1.0,13,0,19,21.79,40.52,971.05,0,36.08,257.15,1.52,Yuki Tsunoda TSU
2022,Belgium,24,0.9,1.6,14,0,13,21.79,40.52,971.05,0,36.08,257.15,1.52,Zhou Guanyu ZHO
2022,Belgium,3,1.0,1.9,15,0,11,21.79,40.52,971.05,0,36.08,257.15,1.52,Daniel Ricciardo RIC
2022,Belgium,20,1.0,1.6,16,0,18,21.79,40.52,971.05,0,36.08,257.15,1.52,Kevin Magnussen MAG
2022,Belgium,77,1.5,1.6,19,0,20,21.79,40.52,971.05,0,36.08,257.15,1.52,Valtteri Bottas BOT
2022,Belgium,14,1.2,1.2,5,10,6,21.79,40.52,971.05,0,36.08,257.15,1.52,Fernando Alonso ALO
2022,Belgium,44,2.2,1.9,19,0,7,21.79,40.52,971.05,0,36.08,257.15,1.52,Lewis Hamilton HAM
2022,Netherlands,63,1.8,1.9,2,18,6,22.73,75.38,1017.11,0,33.45,138.35,1.06,George Russell RUS
2022,Netherlands,22,1.0,1.0,19,0,9,22.73,75.38,1017.11,0,33.45,138.35,1.06,Yuki Tsunoda TSU
2022,Netherlands,77,1.5,1.6,19,0,16,22.73,75.38,1017.11,0,33.45,138.35,1.06,Valtteri Bottas BOT
2022,Netherlands,3,1.0,1.9,17,0,17,22.73,75.38,1017.11,0,33.45,138.35,1.06,Daniel Ricciardo RIC
2022,Netherlands,24,0.9,1.6,16,0,14,22.73,75.38,1017.11,0,33.45,138.35,1.06,Zhou Guanyu ZHO
2022,Netherlands,20,1.0,1.6,15,0,18,22.73,75.38,1017.11,0,33.45,138.35,1.06,Kevin Magnussen MAG
2022,Netherlands,16,1.7,1.6,3,15,2,22.73,75.38,1017.11,0,33.45,138.35,1.06,Charles Leclerc LEC
2022,Netherlands,23,1.2,1.9,12,0,15,22.73,75.38,1017.11,0,33.45,138.35,1.06,Alexander Albon ALB
2022,Netherlands,18,1.0,1.9,10,1,10,22.73,75.38,1017.11,0,33.45,138.35,1.06,Lance Stroll STR
2022,Netherlands,1,2.1,1.8,1,26,1,22.73,75.38,1017.11,0,33.45,138.35,1.06,Max Verstappen VER
2022,Netherlands,44,2.2,1.9,4,12,4,22.73,75.38,1017.11,0,33.45,138.35,1.06,Lewis Hamilton HAM
2022,Netherlands,11,1.3,1.8,5,10,5,22.73,75.38,1017.11,0,33.45,138.35,1.06,Sergio Perez PER
2022,Netherlands,14,1.2,1.2,6,8,13,22.73,75.38,1017.11,0,33.45,138.35,1.06,Fernando Alonso ALO
2022,Netherlands,4,1.6,1.9,7,6,7,22.73,75.38,1017.11,0,33.45,138.35,1.06,Lando Norris NOR
2022,Netherlands,55,1.6,1.6,8,4,3,22.73,75.38,1017.11,0,33.45,138.35,1.06,Carlos Sainz SAI
2022,Netherlands,31,1.4,1.2,9,2,12,22.73,75.38,1017.11,0,33.45,138.35,1.06,Esteban Ocon OCO
2022,Netherlands,10,1.4,1.0,11,0,11,22.73,75.38,1017.11,0,33.45,138.35,1.06,Pierre Gasly GAS
2022,Italy,1,2.1,1.8,1,25,2,27.73,33.15,993.34,0,43.14,177.69,1.36,Max Verstappen VER
2022,Italy,16,1.7,1.6,2,18,1,27.73,33.15,993.34,0,43.14,177.69,1.36,Charles Leclerc LEC
2022,Italy,63,1.8,1.9,3,15,6,27.73,33.15,993.34,0,43.14,177.69,1.36,George Russell RUS
2022,Italy,55,1.6,1.6,4,12,3,27.73,33.15,993.34,0,43.14,177.69,1.36,Carlos Sainz SAI
2022,Italy,44,2.2,1.9,5,10,5,27.73,33.15,993.34,0,43.14,177.69,1.36,Lewis Hamilton HAM
2022,Italy,11,1.3,1.8,6,9,4,27.73,33.15,993.34,0,43.14,177.69,1.36,Sergio Perez PER
2022,Italy,4,1.6,1.9,7,6,7,27.73,33.15,993.34,0,43.14,177.69,1.36,Lando Norris NOR
2022,Italy,24,0.9,1.6,10,1,14,27.73,33.15,993.34,0,43.14,177.69,1.36,Zhou Guanyu ZHO
2022,Italy,31,1.4,1.2,11,0,11,27.73,33.15,993.34,0,43.14,177.69,1.36,Esteban Ocon OCO
2022,Italy,77,1.5,1.6,13,0,12,27.73,33.15,993.34,0,43.14,177.69,1.36,Valtteri Bottas BOT
2022,Italy,20,1.0,1.6,16,0,19,27.73,33.15,993.34,0,43.14,177.69,1.36,Kevin Magnussen MAG
2022,Italy,3,1.0,1.9,17,0,8,27.73,33.15,993.34,0,43.14,177.69,1.36,Daniel Ricciardo RIC
2022,Italy,18,1.0,1.9,17,0,18,27.73,33.15,993.34,0,43.14,177.69,1.36,Lance Stroll STR
2022,Italy,14,1.2,1.2,17,0,10,27.73,33.15,993.34,0,43.14,177.69,1.36,Fernando Alonso ALO
2022,Italy,23,1.2,1.9,20,0,20,27.73,33.15,993.34,0,43.14,177.69,1.36,Alexander Albon ALB
2022,Italy,10,1.4,1.0,8,4,9,27.73,33.15,993.34,0,43.14,177.69,1.36,Pierre Gasly GAS
2022,Italy,22,1.0,1.0,14,0,15,27.73,33.15,993.34,0,43.14,177.69,1.36,Yuki Tsunoda TSU
2022,Singapore,18,1.0,1.9,6,8,12,26.23,87.45,1008.14,46,28.97,108.93,0.93,Lance Stroll STR
2022,Singapore,14,1.2,1.2,15,0,5,26.23,87.45,1008.14,46,28.97,108.93,0.93,Fernando Alonso ALO
2022,Singapore,23,1.2,1.9,15,0,19,26.23,87.45,1008.14,46,28.97,108.93,0.93,Alexander Albon ALB
2022,Singapore,31,1.4,1.2,15,0,18,26.23,87.45,1008.14,46,28.97,108.93,0.93,Esteban Ocon OCO
2022,Singapore,22,1.0,1.0,15,0,10,26.23,87.45,1008.14,46,28.97,108.93,0.93,Yuki Tsunoda TSU
2022,Singapore,63,1.8,1.9,14,0,11,26.23,87.45,1008.14,46,28.97,108.93,0.93,George Russell RUS
2022,Singapore,20,1.0,1.6,12,0,9,26.23,87.45,1008.14,46,28.97,108.93,0.93,Kevin Magnussen MAG
2022,Singapore,77,1.5,1.6,11,0,16,26.23,87.45,1008.14,46,28.97,108.93,0.93,Valtteri Bottas BOT
2022,Singapore,44,2.2,1.9,9,2,3,26.23,87.45,1008.14,46,28.97,108.93,0.93,Lewis Hamilton HAM
2022,Singapore,1,2.1,1.8,7,6,8,26.23,87.45,1008.14,46,28.97,108.93,0.93,Max Verstappen VER
2022,Singapore,10,1.4,1.0,10,1,7,26.23,87.45,1008.14,46,28.97,108.93,0.93,Pierre Gasly GAS
2022,Singapore,4,1.6,1.9,4,12,6,26.23,87.45,1008.14,46,28.97,108.93,0.93,Lando Norris NOR
2022,Singapore,3,1.0,1.9,5,10,17,26.23,87.45,1008.14,46,28.97,108.93,0.93,Daniel Ricciardo RIC
2022,Singapore,11,1.3,1.8,1,25,2,26.23,87.45,1008.14,46,28.97,108.93,0.93,Sergio Perez PER
2022,Singapore,24,0.9,1.6,15,0,15,26.23,87.45,1008.14,46,28.97,108.93,0.93,Zhou Guanyu ZHO
2022,Singapore,16,1.7,1.6,2,18,1,26.23,87.45,1008.14,46,28.97,108.93,0.93,Charles Leclerc LEC
2022,Singapore,55,1.6,1.6,3,15,4,26.23,87.45,1008.14,46,28.97,108.93,0.93,Carlos Sainz SAI
2022,Japan,44,2.2,1.9,5,10,6,16.72,86.21,1015.71,250,19.93,269.38,2.04,Lewis Hamilton HAM
2022,Japan,31,1.4,1.2,4,12,5,16.72,86.21,1015.71,250,19.93,269.38,2.04,Esteban Ocon OCO
2022,Japan,16,1.7,1.6,3,15,2,16.72,86.21,1015.71,250,19.93,269.38,2.04,Charles Leclerc LEC
2022,Japan,11,1.3,1.8,2,18,4,16.72,86.21,1015.71,250,19.93,269.38,2.04,Sergio Perez PER
2022,Japan,14,1.2,1.2,7,6,7,16.72,86.21,1015.71,250,19.93,269.38,2.04,Fernando Alonso ALO
2022,Japan,63,1.8,1.9,8,4,8,16.72,86.21,1015.71,250,19.93,269.38,2.04,George Russell RUS
2022,Japan,4,1.6,1.9,10,1,10,16.72,86.21,1015.71,250,19.93,269.38,2.04,Lando Norris NOR
2022,Japan,3,1.0,1.9,11,0,11,16.72,86.21,1015.71,250,19.93,269.38,2.04,Daniel Ricciardo RIC
2022,Japan,18,1.0,1.9,12,0,19,16.72,86.21,1015.71,250,19.93,269.38,2.04,Lance Stroll STR
2022,Japan,1,2.1,1.8,1,25,1,16.72,86.21,1015.71,250,19.93,269.38,2.04,Max Verstappen VER
2022,Japan,22,1.0,1.0,13,0,13,16.72,86.21,1015.71,250,19.93,269.38,2.04,Yuki Tsunoda TSU
2022,Japan,77,1.5,1.6,15,0,12,16.72,86.21,1015.71,250,19.93,269.38,2.04,Valtteri Bottas BOT
2022,Japan,24,0.9,1.6,16,0,14,16.72,86.21,1015.71,250,19.93,269.38,2.04,Zhou Guanyu ZHO
2022,Japan,10,1.4,1.0,18,0,17,16.72,86.21,1015.71,250,19.93,269.38,2.04,Pierre Gasly GAS
2022,Japan,55,1.6,1.6,19,0,3,16.72,86.21,1015.71,250,19.93,269.38,2.04,Carlos Sainz SAI
2022,Japan,23,1.2,1.9,19,0,16,16.72,86.21,1015.71,250,19.93,269.38,2.04,Alexander Albon ALB
2022,Japan,20,1.0,1.6,14,0,18,16.72,86.21,1015.71,250,19.93,269.38,2.04,Kevin Magnussen MAG
2022,United States,3,1.0,1.9,16,0,17,29.29,49.62,991.2,0,35.52,107.74,5.49,Daniel Ricciardo RIC
2022,United States,18,1.0,1.9,18,0,7,29.29,49.62,991.2,0,35.52,107.74,5.49,Lance Stroll STR
2022,United States,55,1.6,1.6,18,0,1,29.29,49.62,991.2,0,35.52,107.74,5.49,Carlos Sainz SAI
2022,United States,77,1.5,1.6,18,0,10,29.29,49.62,991.2,0,35.52,107.74,5.49,Valtteri Bottas BOT
2022,United States,10,1.4,1.0,14,0,13,29.29,49.62,991.2,0,35.52,107.74,5.49,Pierre Gasly GAS
2022,United States,44,2.2,1.9,2,18,5,29.29,49.62,991.2,0,35.52,107.74,5.49,Lewis Hamilton HAM
2022,United States,31,1.4,1.2,11,0,18,29.29,49.62,991.2,0,35.52,107.74,5.49,Esteban Ocon OCO
2022,United States,1,2.1,1.8,1,25,3,29.29,49.62,991.2,0,35.52,107.74,5.49,Max Verstappen VER
2022,United States,16,1.7,1.6,3,15,2,29.29,49.62,991.2,0,35.52,107.74,5.49,Charles Leclerc LEC
2022,United States,11,1.3,1.8,4,12,4,29.29,49.62,991.2,0,35.52,107.74,5.49,Sergio Perez PER
2022,United States,63,1.8,1.9,5,11,6,29.29,49.62,991.2,0,35.52,107.74,5.49,George Russell RUS
2022,United States,22,1.0,1.0,10,1,15,29.29,49.62,991.2,0,35.52,107.74,5.49,Yuki Tsunoda TSU
2022,United States,20,1.0,1.6,9,2,16,29.29,49.62,991.2,0,35.52,107.74,5.49,Kevin Magnussen MAG
2022,United States,14,1.2,1.2,7,6,9,29.29,49.62,991.2,0,35.52,107.74,5.49,Fernando Alonso ALO
2022,United States,4,1.6,1.9,6,8,8,29.29,49.62,991.2,0,35.52,107.74,5.49,Lando Norris NOR
2022,United States,23,1.2,1.9,13,0,11,29.29,49.62,991.2,0,35.52,107.74,5.49,Alexander Albon ALB
2022,United States,24,0.9,1.6,12,0,14,29.29,49.62,991.2,0,35.52,107.74,5.49,Zhou Guanyu ZHO
2022,Mexico,1,2.1,1.8,1,25,1,24.31,34.44,780.41,0,41.69,197.79,1.34,Max Verstappen VER
2022,Mexico,44,2.2,1.9,2,18,3,24.31,34.44,780.41,0,41.69,197.79,1.34,Lewis Hamilton HAM
2022,Mexico,11,1.3,1.8,3,15,4,24.31,34.44,780.41,0,41.69,197.79,1.34,Sergio Perez PER
2022,Mexico,63,1.8,1.9,4,13,2,24.31,34.44,780.41,0,41.69,197.79,1.34,George Russell RUS
2022,Mexico,55,1.6,1.6,5,10,5,24.31,34.44,780.41,0,41.69,197.79,1.34,Carlos Sainz SAI
2022,Mexico,16,1.7,1.6,6,8,7,24.31,34.44,780.41,0,41.69,197.79,1.34,Charles Leclerc LEC
2022,Mexico,31,1.4,1.2,8,4,10,24.31,34.44,780.41,0,41.69,197.79,1.34,Esteban Ocon OCO
2022,Mexico,4,1.6,1.9,9,2,8,24.31,34.44,780.41,0,41.69,197.79,1.34,Lando Norris NOR
2022,Mexico,77,1.5,1.6,10,1,6,24.31,34.44,780.41,0,41.69,197.79,1.34,Valtteri Bottas BOT
2022,Mexico,10,1.4,1.0,11,0,14,24.31,34.44,780.41,0,41.69,197.79,1.34,Pierre Gasly GAS
2022,Mexico,3,1.0,1.9,7,6,11,24.31,34.44,780.41,0,41.69,197.79,1.34,Daniel Ricciardo RIC
2022,Mexico,24,0.9,1.6,13,0,12,24.31,34.44,780.41,0,41.69,197.79,1.34,Zhou Guanyu ZHO
2022,Mexico,23,1.2,1.9,12,0,19,24.31,34.44,780.41,0,41.69,197.79,1.34,Alexander Albon ALB
2022,Mexico,22,1.0,1.0,20,0,13,24.31,34.44,780.41,0,41.69,197.79,1.34,Yuki Tsunoda TSU
2022,Mexico,14,1.2,1.2,19,0,9,24.31,34.44,780.41,0,41.69,197.79,1.34,Fernando Alonso ALO
2022,Mexico,20,1.0,1.6,17,0,15,24.31,34.44,780.41,0,41.69,197.79,1.34,Kevin Magnussen MAG
2022,Mexico,18,1.0,1.9,15,0,18,24.31,34.44,780.41,0,41.69,197.79,1.34,Lance Stroll STR
2022,Brazil,63,1.8,1.9,1,26,3,23.01,76.08,922.16,0,46.05,161.44,1.44,George Russell RUS
2022,Brazil,44,2.2,1.9,2,18,8,23.01,76.08,922.16,0,46.05,161.44,1.44,Lewis Hamilton HAM
2022,Brazil,55,1.6,1.6,3,15,5,23.01,76.08,922.16,0,46.05,161.44,1.44,Carlos Sainz SAI
2022,Brazil,16,1.7,1.6,4,12,10,23.01,76.08,922.16,0,46.05,161.44,1.44,Charles Leclerc LEC
2022,Brazil,14,1.2,1.2,5,10,7,23.01,76.08,922.16,0,46.05,161.44,1.44,Fernando Alonso ALO
2022,Brazil,1,2.1,1.8,6,8,2,23.01,76.08,922.16,0,46.05,161.44,1.44,Max Verstappen VER
2022,Brazil,11,1.3,1.8,7,6,9,23.01,76.08,922.16,0,46.05,161.44,1.44,Sergio Perez PER
2022,Brazil,31,1.4,1.2,8,4,6,23.01,76.08,922.16,0,46.05,161.44,1.44,Esteban Ocon OCO
2022,Brazil,18,1.0,1.9,10,1,15,23.01,76.08,922.16,0,46.05,161.44,1.44,Lance Stroll STR
2022,Brazil,77,1.5,1.6,9,2,18,23.01,76.08,922.16,0,46.05,161.44,1.44,Valtteri Bottas BOT
2022,Brazil,24,0.9,1.6,12,0,17,23.01,76.08,922.16,0,46.05,161.44,1.44,Zhou Guanyu ZHO
2022,Brazil,10,1.4,1.0,14,0,12,23.01,76.08,922.16,0,46.05,161.44,1.44,Pierre Gasly GAS
2022,Brazil,23,1.2,1.9,15,0,11,23.01,76.08,922.16,0,46.05,161.44,1.44,Alexander Albon ALB
2022,Brazil,22,1.0,1.0,17,0,19,23.01,76.08,922.16,0,46.05,161.44,1.44,Yuki Tsunoda TSU
2022,Brazil,4,1.6,1.9,18,0,4,23.01,76.08,922.16,0,46.05,161.44,1.44,Lando Norris NOR
2022,Brazil,20,1.0,1.6,18,0,1,23.01,76.08,922.16,0,46.05,161.44,1.44,Kevin Magnussen MAG
2022,Brazil,3,1.0,1.9,18,0,14,23.01,76.08,922.16,0,46.05,161.44,1.44,Daniel Ricciardo RIC
2022,Abu Dhabi,24,0.9,1.6,12,0,15,28.58,61.68,1013.52,0,34.31,290.79,2.61,Zhou Guanyu ZHO
2022,Abu Dhabi,22,1.0,1.0,11,0,12,28.58,61.68,1013.52,0,34.31,290.79,2.61,Yuki Tsunoda TSU
2022,Abu Dhabi,3,1.0,1.9,9,2,10,28.58,61.68,1013.52,0,34.31,290.79,2.61,Daniel Ricciardo RIC
2022,Abu Dhabi,18,1.0,1.9,8,4,14,28.58,61.68,1013.52,0,34.31,290.79,2.61,Lance Stroll STR
2022,Abu Dhabi,55,1.6,1.6,4,12,4,28.58,61.68,1013.52,0,34.31,290.79,2.61,Carlos Sainz SAI
2022,Abu Dhabi,4,1.6,1.9,6,9,7,28.58,61.68,1013.52,0,34.31,290.79,2.61,Lando Norris NOR
2022,Abu Dhabi,63,1.8,1.9,5,10,6,28.58,61.68,1013.52,0,34.31,290.79,2.61,George Russell RUS
2022,Abu Dhabi,23,1.2,1.9,13,0,19,28.58,61.68,1013.52,0,34.31,290.79,2.61,Alexander Albon ALB
2022,Abu Dhabi,11,1.3,1.8,3,15,2,28.58,61.68,1013.52,0,34.31,290.79,2.61,Sergio Perez PER
2022,Abu Dhabi,16,1.7,1.6,2,18,3,28.58,61.68,1013.52,0,34.31,290.79,2.61,Charles Leclerc LEC
2022,Abu Dhabi,31,1.4,1.2,7,6,8,28.58,61.68,1013.52,0,34.31,290.79,2.61,Esteban Ocon OCO
2022,Abu Dhabi,10,1.4,1.0,14,0,17,28.58,61.68,1013.52,0,34.31,290.79,2.61,Pierre Gasly GAS
2022,Abu Dhabi,20,1.0,1.6,17,0,16,28.58,61.68,1013.52,0,34.31,290.79,2.61,Kevin Magnussen MAG
2022,Abu Dhabi,44,2.2,1.9,18,0,5,28.58,61.68,1013.52,0,34.31,290.79,2.61,Lewis Hamilton HAM
2022,Abu Dhabi,14,1.2,1.2,20,0,11,28.58,61.68,1013.52,0,34.31,290.79,2.61,Fernando Alonso ALO
2022,Abu Dhabi,77,1.5,1.6,15,0,18,28.58,61.68,1013.52,0,34.31,290.79,2.61,Valtteri Bottas BOT
2022,Abu Dhabi,1,2.1,1.8,1,25,1,28.58,61.68,1013.52,0,34.31,290.79,2.61,Max Verstappen VER
2023,Bahrain,22,1.0,1.7,11,0,14,27.43,21.5,1016.86,0,31.01,177.13,0.68,Yuki Tsunoda TSU
2023,Bahrain,14,1.2,1.9,3,15,5,27.43,21.5,1016.86,0,31.01,177.13,0.68,Fernando Alonso ALO
2023,Bahrain,55,1.6,1.6,4,12,4,27.43,21.5,1016.86,0,31.01,177.13,0.68,Carlos Sainz SAI
2023,Bahrain,44,2.2,1.9,5,10,7,27.43,21.5,1016.86,0,31.01,177.13,0.68,Lewis Hamilton HAM
2023,Bahrain,18,1.0,1.9,6,8,8,27.43,21.5,1016.86,0,31.01,177.13,0.68,Lance Stroll STR
2023,Bahrain,63,1.8,1.9,7,6,6,27.43,21.5,1016.86,0,31.01,177.13,0.68,George Russell RUS
2023,Bahrain,77,1.5,1.6,8,4,12,27.43,21.5,1016.86,0,31.01,177.13,0.68,Valtteri Bottas BOT
2023,Bahrain,10,1.4,1.2,9,2,20,27.43,21.5,1016.86,0,31.01,177.13,0.68,Pierre Gasly GAS
2023,Bahrain,23,1.2,1.9,10,1,15,27.43,21.5,1016.86,0,31.01,177.13,0.68,Alexander Albon ALB
2023,Bahrain,11,1.3,1.8,2,18,2,27.43,21.5,1016.86,0,31.01,177.13,0.68,Sergio Perez PER
2023,Bahrain,1,2.1,1.8,1,25,1,27.43,21.5,1016.86,0,31.01,177.13,0.68,Max Verstappen VER
2023,Bahrain,20,1.0,1.6,13,0,17,27.43,21.5,1016.86,0,31.01,177.13,0.68,Kevin Magnussen MAG
2023,Bahrain,27,1.1,1.6,15,0,10,27.43,21.5,1016.86,0,31.01,177.13,0.68,Nico Hulkenberg HUL
2023,Bahrain,24,0.9,1.6,16,0,13,27.43,21.5,1016.86,0,31.01,177.13,0.68,Zhou Guanyu ZHO
2023,Bahrain,4,1.6,1.9,17,0,11,27.43,21.5,1016.86,0,31.01,177.13,0.68,Lando Norris NOR
2023,Bahrain,31,1.4,1.2,18,0,9,27.43,21.5,1016.86,0,31.01,177.13,0.68,Esteban Ocon OCO
2023,Bahrain,16,1.7,1.6,18,0,3,27.43,21.5,1016.86,0,31.01,177.13,0.68,Charles Leclerc LEC
2023,Saudi Arabia,77,1.5,1.6,18,0,14,26.09,57.79,1010.93,0,31.79,271.16,1.77,Valtteri Bottas BOT
2023,Saudi Arabia,23,1.2,1.9,19,0,17,26.09,57.79,1010.93,0,31.79,271.16,1.77,Alexander Albon ALB
2023,Saudi Arabia,20,1.0,1.6,10,1,13,26.09,57.79,1010.93,0,31.79,271.16,1.77,Kevin Magnussen MAG
2023,Saudi Arabia,22,1.0,1.7,11,0,16,26.09,57.79,1010.93,0,31.79,271.16,1.77,Yuki Tsunoda TSU
2023,Saudi Arabia,10,1.4,1.2,9,2,10,26.09,57.79,1010.93,0,31.79,271.16,1.77,Pierre Gasly GAS
2023,Saudi Arabia,31,1.4,1.2,8,4,7,26.09,57.79,1010.93,0,31.79,271.16,1.77,Esteban Ocon OCO
2023,Saudi Arabia,16,1.7,1.6,7,6,2,26.09,57.79,1010.93,0,31.79,271.16,1.77,Charles Leclerc LEC
2023,Saudi Arabia,55,1.6,1.6,6,8,5,26.09,57.79,1010.93,0,31.79,271.16,1.77,Carlos Sainz SAI
2023,Saudi Arabia,44,2.2,1.9,5,10,8,26.09,57.79,1010.93,0,31.79,271.16,1.77,Lewis Hamilton HAM
2023,Saudi Arabia,63,1.8,1.9,4,12,4,26.09,57.79,1010.93,0,31.79,271.16,1.77,George Russell RUS
2023,Saudi Arabia,1,2.1,1.8,2,19,15,26.09,57.79,1010.93,0,31.79,271.16,1.77,Max Verstappen VER
2023,Saudi Arabia,14,1.2,1.9,3,15,3,26.09,57.79,1010.93,0,31.79,271.16,1.77,Fernando Alonso ALO
2023,Saudi Arabia,27,1.1,1.6,12,0,11,26.09,57.79,1010.93,0,31.79,271.16,1.77,Nico Hulkenberg HUL
2023,Saudi Arabia,24,0.9,1.6,13,0,12,26.09,57.79,1010.93,0,31.79,271.16,1.77,Zhou Guanyu ZHO
2023,Saudi Arabia,4,1.6,1.9,17,0,19,26.09,57.79,1010.93,0,31.79,271.16,1.77,Lando Norris NOR
2023,Saudi Arabia,18,1.0,1.9,19,0,6,26.09,57.79,1010.93,0,31.79,271.16,1.77,Lance Stroll STR
2023,Saudi Arabia,11,1.3,1.8,1,25,1,26.09,57.79,1010.93,0,31.79,271.16,1.77,Sergio Perez PER
2023,Australia,63,1.8,1.9,18,0,2,17.45,54.16,1018.37,0,30.14,138.07,1.13,George Russell RUS
2023,Australia,16,1.7,1.6,18,0,7,17.45,54.16,1018.37,0,30.14,138.07,1.13,Charles Leclerc LEC
2023,Australia,23,1.2,1.9,18,0,8,17.45,54.16,1018.37,0,30.14,138.07,1.13,Alexander Albon ALB
2023,Australia,20,1.0,1.6,17,0,14,17.45,54.16,1018.37,0,30.14,138.07,1.13,Kevin Magnussen MAG
2023,Australia,18,1.0,1.9,4,12,6,17.45,54.16,1018.37,0,30.14,138.07,1.13,Lance Stroll STR
2023,Australia,1,2.1,1.8,1,25,1,17.45,54.16,1018.37,0,30.14,138.07,1.13,Max Verstappen VER
2023,Australia,44,2.2,1.9,2,18,3,17.45,54.16,1018.37,0,30.14,138.07,1.13,Lewis Hamilton HAM
2023,Australia,14,1.2,1.9,3,15,4,17.45,54.16,1018.37,0,30.14,138.07,1.13,Fernando Alonso ALO
2023,Australia,11,1.3,1.8,5,11,20,17.45,54.16,1018.37,0,30.14,138.07,1.13,Sergio Perez PER
2023,Australia,4,1.6,1.9,6,8,13,17.45,54.16,1018.37,0,30.14,138.07,1.13,Lando Norris NOR
2023,Australia,27,1.1,1.6,7,6,10,17.45,54.16,1018.37,0,30.14,138.07,1.13,Nico Hulkenberg HUL
2023,Australia,22,1.0,1.7,10,1,12,17.45,54.16,1018.37,0,30.14,138.07,1.13,Yuki Tsunoda TSU
2023,Australia,77,1.5,1.6,11,0,19,17.45,54.16,1018.37,0,30.14,138.07,1.13,Valtteri Bottas BOT
2023,Australia,55,1.6,1.6,12,0,5,17.45,54.16,1018.37,0,30.14,138.07,1.13,Carlos Sainz SAI
2023,Australia,10,1.4,1.2,13,0,9,17.45,54.16,1018.37,0,30.14,138.07,1.13,Pierre Gasly GAS
2023,Australia,31,1.4,1.2,14,0,11,17.45,54.16,1018.37,0,30.14,138.07,1.13,Esteban Ocon OCO
2023,Australia,24,0.9,1.6,9,2,17,17.45,54.16,1018.37,0,30.14,138.07,1.13,Zhou Guanyu ZHO
2023,Azerbaijan,20,1.0,1.6,13,0,14,24.86,49.22,1008.65,0,41.21,125.69,1.08,Kevin Magnussen MAG
2023,Azerbaijan,16,1.7,1.6,3,15,1,24.86,49.22,1008.65,0,41.21,125.69,1.08,Charles Leclerc LEC
2023,Azerbaijan,14,1.2,1.9,4,12,8,24.86,49.22,1008.65,0,41.21,125.69,1.08,Fernando Alonso ALO
2023,Azerbaijan,44,2.2,1.9,6,8,6,24.86,49.22,1008.65,0,41.21,125.69,1.08,Lewis Hamilton HAM
2023,Azerbaijan,1,2.1,1.8,2,18,3,24.86,49.22,1008.65,0,41.21,125.69,1.08,Max Verstappen VER
2023,Azerbaijan,63,1.8,1.9,8,5,4,24.86,49.22,1008.65,0,41.21,125.69,1.08,George Russell RUS
2023,Azerbaijan,4,1.6,1.9,9,2,10,24.86,49.22,1008.65,0,41.21,125.69,1.08,Lando Norris NOR
2023,Azerbaijan,22,1.0,1.7,10,1,18,24.86,49.22,1008.65,0,41.21,125.69,1.08,Yuki Tsunoda TSU
2023,Azerbaijan,18,1.0,1.9,7,6,9,24.86,49.22,1008.65,0,41.21,125.69,1.08,Lance Stroll STR
2023,Azerbaijan,11,1.3,1.8,1,25,2,24.86,49.22,1008.65,0,41.21,125.69,1.08,Sergio Perez PER
2023,Azerbaijan,55,1.6,1.6,5,10,5,24.86,49.22,1008.65,0,41.21,125.69,1.08,Carlos Sainz SAI
2023,Azerbaijan,31,1.4,1.2,15,0,13,24.86,49.22,1008.65,0,41.21,125.69,1.08,Esteban Ocon OCO
2023,Azerbaijan,27,1.1,1.6,17,0,12,24.86,49.22,1008.65,0,41.21,125.69,1.08,Nico Hulkenberg HUL
2023,Azerbaijan,77,1.5,1.6,18,0,17,24.86,49.22,1008.65,0,41.21,125.69,1.08,Valtteri Bottas BOT
2023,Azerbaijan,24,0.9,1.6,19,0,16,24.86,49.22,1008.65,0,41.21,125.69,1.08,Zhou Guanyu ZHO
2023,Azerbaijan,10,1.4,1.2,14,0,19,24.86,49.22,1008.65,0,41.21,125.69,1.08,Pierre Gasly GAS
2023,Azerbaijan,23,1.2,1.9,12,0,7,24.86,49.22,1008.65,0,41.21,125.69,1.08,Alexander Albon ALB
2023,Miami,11,1.3,1.8,2,18,1,27.12,59.43,1018.38,0,36.69,135.54,3.97,Sergio Perez PER
2023,Miami,1,2.1,1.8,1,26,9,27.12,59.43,1018.38,0,36.69,135.54,3.97,Max Verstappen VER
2023,Miami,63,1.8,1.9,4,12,6,27.12,59.43,1018.38,0,36.69,135.54,3.97,George Russell RUS
2023,Miami,31,1.4,1.2,9,2,8,27.12,59.43,1018.38,0,36.69,135.54,3.97,Esteban Ocon OCO
2023,Miami,10,1.4,1.2,8,4,5,27.12,59.43,1018.38,0,36.69,135.54,3.97,Pierre Gasly GAS
2023,Miami,14,1.2,1.9,3,15,2,27.12,59.43,1018.38,0,36.69,135.54,3.97,Fernando Alonso ALO
2023,Miami,20,1.0,1.6,10,1,4,27.12,59.43,1018.38,0,36.69,135.54,3.97,Kevin Magnussen MAG
2023,Miami,22,1.0,1.7,11,0,17,27.12,59.43,1018.38,0,36.69,135.54,3.97,Yuki Tsunoda TSU
2023,Miami,18,1.0,1.9,12,0,18,27.12,59.43,1018.38,0,36.69,135.54,3.97,Lance Stroll STR
2023,Miami,77,1.5,1.6,13,0,10,27.12,59.43,1018.38,0,36.69,135.54,3.97,Valtteri Bottas BOT
2023,Miami,23,1.2,1.9,14,0,11,27.12,59.43,1018.38,0,36.69,135.54,3.97,Alexander Albon ALB
2023,Miami,27,1.1,1.6,15,0,12,27.12,59.43,1018.38,0,36.69,135.54,3.97,Nico Hulkenberg HUL
2023,Miami,24,0.9,1.6,16,0,14,27.12,59.43,1018.38,0,36.69,135.54,3.97,Zhou Guanyu ZHO
2023,Miami,4,1.6,1.9,17,0,16,27.12,59.43,1018.38,0,36.69,135.54,3.97,Lando Norris NOR
2023,Miami,55,1.6,1.6,5,10,3,27.12,59.43,1018.38,0,36.69,135.54,3.97,Carlos Sainz SAI
2023,Miami,16,1.7,1.6,7,6,7,27.12,59.43,1018.38,0,36.69,135.54,3.97,Charles Leclerc LEC
2023,Miami,44,2.2,1.9,6,8,13,27.12,59.43,1018.38,0,36.69,135.54,3.97,Lewis Hamilton HAM
2023,Monaco,24,0.9,1.6,13,0,19,25.07,45.86,1013.36,26,39.26,143.01,1.01,Zhou Guanyu ZHO
2023,Monaco,23,1.2,1.9,14,0,13,25.07,45.86,1013.36,26,39.26,143.01,1.01,Alexander Albon ALB
2023,Monaco,22,1.0,1.7,15,0,9,25.07,45.86,1013.36,26,39.26,143.01,1.01,Yuki Tsunoda TSU
2023,Monaco,11,1.3,1.8,16,0,20,25.07,45.86,1013.36,26,39.26,143.01,1.01,Sergio Perez PER
2023,Monaco,27,1.1,1.6,17,0,18,25.07,45.86,1013.36,26,39.26,143.01,1.01,Nico Hulkenberg HUL
2023,Monaco,20,1.0,1.6,19,0,17,25.07,45.86,1013.36,26,39.26,143.01,1.01,Kevin Magnussen MAG
2023,Monaco,18,1.0,1.9,20,0,14,25.07,45.86,1013.36,26,39.26,143.01,1.01,Lance Stroll STR
2023,Monaco,77,1.5,1.6,11,0,15,25.07,45.86,1013.36,26,39.26,143.01,1.01,Valtteri Bottas BOT
2023,Monaco,14,1.2,1.9,2,18,2,25.07,45.86,1013.36,26,39.26,143.01,1.01,Fernando Alonso ALO
2023,Monaco,1,2.1,1.8,1,25,1,25.07,45.86,1013.36,26,39.26,143.01,1.01,Max Verstappen VER
2023,Monaco,4,1.6,1.9,9,2,10,25.07,45.86,1013.36,26,39.26,143.01,1.01,Lando Norris NOR
2023,Monaco,55,1.6,1.6,8,4,5,25.07,45.86,1013.36,26,39.26,143.01,1.01,Carlos Sainz SAI
2023,Monaco,10,1.4,1.2,7,6,7,25.07,45.86,1013.36,26,39.26,143.01,1.01,Pierre Gasly GAS
2023,Monaco,44,2.2,1.9,4,13,6,25.07,45.86,1013.36,26,39.26,143.01,1.01,Lewis Hamilton HAM
2023,Monaco,31,1.4,1.2,3,15,4,25.07,45.86,1013.36,26,39.26,143.01,1.01,Esteban Ocon OCO
2023,Monaco,16,1.7,1.6,6,8,3,25.07,45.86,1013.36,26,39.26,143.01,1.01,Charles Leclerc LEC
2023,Monaco,63,1.8,1.9,5,10,8,25.07,45.86,1013.36,26,39.26,143.01,1.01,George Russell RUS
2023,Spain,31,1.4,1.2,8,4,7,22.67,63.08,1001.09,0,33.84,132.64,1.87,Esteban Ocon OCO
2023,Spain,1,2.1,1.8,1,26,1,22.67,63.08,1001.09,0,33.84,132.64,1.87,Max Verstappen VER
2023,Spain,44,2.2,1.9,2,18,5,22.67,63.08,1001.09,0,33.84,132.64,1.87,Lewis Hamilton HAM
2023,Spain,63,1.8,1.9,3,15,12,22.67,63.08,1001.09,0,33.84,132.64,1.87,George Russell RUS
2023,Spain,11,1.3,1.8,4,12,11,22.67,63.08,1001.09,0,33.84,132.64,1.87,Sergio Perez PER
2023,Spain,55,1.6,1.6,5,10,2,22.67,63.08,1001.09,0,33.84,132.64,1.87,Carlos Sainz SAI
2023,Spain,18,1.0,1.9,6,8,6,22.67,63.08,1001.09,0,33.84,132.64,1.87,Lance Stroll STR
2023,Spain,14,1.2,1.9,7,6,9,22.67,63.08,1001.09,0,33.84,132.64,1.87,Fernando Alonso ALO
2023,Spain,24,0.9,1.6,9,2,13,22.67,63.08,1001.09,0,33.84,132.64,1.87,Zhou Guanyu ZHO
2023,Spain,77,1.5,1.6,19,0,16,22.67,63.08,1001.09,0,33.84,132.64,1.87,Valtteri Bottas BOT
2023,Spain,20,1.0,1.6,18,0,17,22.67,63.08,1001.09,0,33.84,132.64,1.87,Kevin Magnussen MAG
2023,Spain,4,1.6,1.9,17,0,3,22.67,63.08,1001.09,0,33.84,132.64,1.87,Lando Norris NOR
2023,Spain,23,1.2,1.9,16,0,18,22.67,63.08,1001.09,0,33.84,132.64,1.87,Alexander Albon ALB
2023,Spain,27,1.1,1.6,15,0,8,22.67,63.08,1001.09,0,33.84,132.64,1.87,Nico Hulkenberg HUL
2023,Spain,22,1.0,1.7,12,0,15,22.67,63.08,1001.09,0,33.84,132.64,1.87,Yuki Tsunoda TSU
2023,Spain,16,1.7,1.6,11,0,19,22.67,63.08,1001.09,0,33.84,132.64,1.87,Charles Leclerc LEC
2023,Spain,10,1.4,1.2,10,1,4,22.67,63.08,1001.09,0,33.84,132.64,1.87,Pierre Gasly GAS
2023,Canada,77,1.5,1.6,10,1,15,18.53,63.9,1011.55,0,30.59,314.13,1.94,Valtteri Bottas BOT
2023,Canada,20,1.0,1.6,17,0,14,18.53,63.9,1011.55,0,30.59,314.13,1.94,Kevin Magnussen MAG
2023,Canada,10,1.4,1.2,12,0,17,18.53,63.9,1011.55,0,30.59,314.13,1.94,Pierre Gasly GAS
2023,Canada,18,1.0,1.9,9,2,13,18.53,63.9,1011.55,0,30.59,314.13,1.94,Lance Stroll STR
2023,Canada,4,1.6,1.9,13,0,7,18.53,63.9,1011.55,0,30.59,314.13,1.94,Lando Norris NOR
2023,Canada,27,1.1,1.6,15,0,2,18.53,63.9,1011.55,0,30.59,314.13,1.94,Nico Hulkenberg HUL
2023,Canada,24,0.9,1.6,16,0,20,18.53,63.9,1011.55,0,30.59,314.13,1.94,Zhou Guanyu ZHO
2023,Canada,63,1.8,1.9,19,0,5,18.53,63.9,1011.55,0,30.59,314.13,1.94,George Russell RUS
2023,Canada,31,1.4,1.2,8,4,6,18.53,63.9,1011.55,0,30.59,314.13,1.94,Esteban Ocon OCO
2023,Canada,22,1.0,1.7,14,0,16,18.53,63.9,1011.55,0,30.59,314.13,1.94,Yuki Tsunoda TSU
2023,Canada,11,1.3,1.8,6,9,12,18.53,63.9,1011.55,0,30.59,314.13,1.94,Sergio Perez PER
2023,Canada,23,1.2,1.9,7,6,10,18.53,63.9,1011.55,0,30.59,314.13,1.94,Alexander Albon ALB
2023,Canada,16,1.7,1.6,4,12,11,18.53,63.9,1011.55,0,30.59,314.13,1.94,Charles Leclerc LEC
2023,Canada,44,2.2,1.9,3,15,4,18.53,63.9,1011.55,0,30.59,314.13,1.94,Lewis Hamilton HAM
2023,Canada,14,1.2,1.9,2,18,3,18.53,63.9,1011.55,0,30.59,314.13,1.94,Fernando Alonso ALO
2023,Canada,1,2.1,1.8,1,25,1,18.53,63.9,1011.55,0,30.59,314.13,1.94,Max Verstappen VER
2023,Canada,55,1.6,1.6,5,10,8,18.53,63.9,1011.55,0,30.59,314.13,1.94,Carlos Sainz SAI
2023,Austria,10,1.4,1.2,10,1,12,22.4,52.05,934.02,3,32.05,124.56,1.1,Pierre Gasly GAS
2023,Austria,23,1.2,1.9,11,0,11,22.4,52.05,934.02,3,32.05,124.56,1.1,Alexander Albon ALB
2023,Austria,24,0.9,1.6,12,0,16,22.4,52.05,934.02,3,32.05,124.56,1.1,Zhou Guanyu ZHO
2023,Austria,31,1.4,1.2,14,0,9,22.4,52.05,934.02,3,32.05,124.56,1.1,Esteban Ocon OCO
2023,Austria,77,1.5,1.6,15,0,19,22.4,52.05,934.02,3,32.05,124.56,1.1,Valtteri Bottas BOT
2023,Austria,20,1.0,1.6,18,0,10,22.4,52.05,934.02,3,32.05,124.56,1.1,Kevin Magnussen MAG
2023,Austria,22,1.0,1.7,19,0,13,22.4,52.05,934.02,3,32.05,124.56,1.1,Yuki Tsunoda TSU
2023,Austria,1,2.1,1.8,1,26,1,22.4,52.05,934.02,3,32.05,124.56,1.1,Max Verstappen VER
2023,Austria,11,1.3,1.8,3,15,2,22.4,52.05,934.02,3,32.05,124.56,1.1,Sergio Perez PER
2023,Austria,27,1.1,1.6,20,0,4,22.4,52.05,934.02,3,32.05,124.56,1.1,Nico Hulkenberg HUL
2023,Austria,4,1.6,1.9,4,12,3,22.4,52.05,934.02,3,32.05,124.56,1.1,Lando Norris NOR
2023,Austria,14,1.2,1.9,5,10,7,22.4,52.05,934.02,3,32.05,124.56,1.1,Fernando Alonso ALO
2023,Austria,55,1.6,1.6,6,8,5,22.4,52.05,934.02,3,32.05,124.56,1.1,Carlos Sainz SAI
2023,Austria,63,1.8,1.9,7,6,15,22.4,52.05,934.02,3,32.05,124.56,1.1,George Russell RUS
2023,Austria,44,2.2,1.9,8,4,18,22.4,52.05,934.02,3,32.05,124.56,1.1,Lewis Hamilton HAM
2023,Austria,18,1.0,1.9,9,2,8,22.4,52.05,934.02,3,32.05,124.56,1.1,Lance Stroll STR
2023,Austria,16,1.7,1.6,2,18,6,22.4,52.05,934.02,3,32.05,124.56,1.1,Charles Leclerc LEC
2023,Great Britain,31,1.4,1.2,19,0,13,21.47,56.19,1001.23,0,30.94,205.4,3.02,Esteban Ocon OCO
2023,Great Britain,20,1.0,1.6,19,0,19,21.47,56.19,1001.23,0,30.94,205.4,3.02,Kevin Magnussen MAG
2023,Great Britain,10,1.4,1.2,18,0,10,21.47,56.19,1001.23,0,30.94,205.4,3.02,Pierre Gasly GAS
2023,Great Britain,22,1.0,1.7,16,0,16,21.47,56.19,1001.23,0,30.94,205.4,3.02,Yuki Tsunoda TSU
2023,Great Britain,18,1.0,1.9,14,0,12,21.47,56.19,1001.23,0,30.94,205.4,3.02,Lance Stroll STR
2023,Great Britain,1,2.1,1.8,1,26,1,21.47,56.19,1001.23,0,30.94,205.4,3.02,Max Verstappen VER
2023,Great Britain,4,1.6,1.9,2,18,2,21.47,56.19,1001.23,0,30.94,205.4,3.02,Lando Norris NOR
2023,Great Britain,44,2.2,1.9,3,15,7,21.47,56.19,1001.23,0,30.94,205.4,3.02,Lewis Hamilton HAM
2023,Great Britain,24,0.9,1.6,15,0,17,21.47,56.19,1001.23,0,30.94,205.4,3.02,Zhou Guanyu ZHO
2023,Great Britain,63,1.8,1.9,5,10,6,21.47,56.19,1001.23,0,30.94,205.4,3.02,George Russell RUS
2023,Great Britain,11,1.3,1.8,6,8,15,21.47,56.19,1001.23,0,30.94,205.4,3.02,Sergio Perez PER
2023,Great Britain,23,1.2,1.9,8,4,8,21.47,56.19,1001.23,0,30.94,205.4,3.02,Alexander Albon ALB
2023,Great Britain,16,1.7,1.6,9,2,4,21.47,56.19,1001.23,0,30.94,205.4,3.02,Charles Leclerc LEC
2023,Great Britain,55,1.6,1.6,10,1,5,21.47,56.19,1001.23,0,30.94,205.4,3.02,Carlos Sainz SAI
2023,Great Britain,77,1.5,1.6,12,0,20,21.47,56.19,1001.23,0,30.94,205.4,3.02,Valtteri Bottas BOT
2023,Great Britain,27,1.1,1.6,13,0,11,21.47,56.19,1001.23,0,30.94,205.4,3.02,Nico Hulkenberg HUL
2023,Great Britain,14,1.2,1.9,7,6,9,21.47,56.19,1001.23,0,30.94,205.4,3.02,Fernando Alonso ALO
2023,Hungary,20,1.0,1.6,17,0,19,28.81,32.8,988.4,0,48.58,174.54,1.44,Kevin Magnussen MAG
2023,Hungary,10,1.4,1.2,19,0,15,28.81,32.8,988.4,0,48.58,174.54,1.44,Pierre Gasly GAS
2023,Hungary,31,1.4,1.2,19,0,12,28.81,32.8,988.4,0,48.58,174.54,1.44,Esteban Ocon OCO
2023,Hungary,24,0.9,1.6,16,0,5,28.81,32.8,988.4,0,48.58,174.54,1.44,Zhou Guanyu ZHO
2023,Hungary,63,1.8,1.9,6,8,18,28.81,32.8,988.4,0,48.58,174.54,1.44,George Russell RUS
2023,Hungary,27,1.1,1.6,14,0,10,28.81,32.8,988.4,0,48.58,174.54,1.44,Nico Hulkenberg HUL
2023,Hungary,1,2.1,1.8,1,26,2,28.81,32.8,988.4,0,48.58,174.54,1.44,Max Verstappen VER
2023,Hungary,4,1.6,1.9,2,18,3,28.81,32.8,988.4,0,48.58,174.54,1.44,Lando Norris NOR
2023,Hungary,11,1.3,1.8,3,15,9,28.81,32.8,988.4,0,48.58,174.54,1.44,Sergio Perez PER
2023,Hungary,44,2.2,1.9,4,12,1,28.81,32.8,988.4,0,48.58,174.54,1.44,Lewis Hamilton HAM
2023,Hungary,16,1.7,1.6,7,6,6,28.81,32.8,988.4,0,48.58,174.54,1.44,Charles Leclerc LEC
2023,Hungary,55,1.6,1.6,8,4,11,28.81,32.8,988.4,0,48.58,174.54,1.44,Carlos Sainz SAI
2023,Hungary,18,1.0,1.9,10,1,14,28.81,32.8,988.4,0,48.58,174.54,1.44,Lance Stroll STR
2023,Hungary,23,1.2,1.9,11,0,16,28.81,32.8,988.4,0,48.58,174.54,1.44,Alexander Albon ALB
2023,Hungary,77,1.5,1.6,12,0,7,28.81,32.8,988.4,0,48.58,174.54,1.44,Valtteri Bottas BOT
2023,Hungary,3,1.0,1.7,13,0,13,28.81,32.8,988.4,0,48.58,174.54,1.44,Daniel Ricciardo RIC
2023,Hungary,14,1.2,1.9,9,2,8,28.81,32.8,988.4,0,48.58,174.54,1.44,Fernando Alonso ALO
2023,Hungary,22,1.0,1.7,15,0,17,28.81,32.8,988.4,0,48.58,174.54,1.44,Yuki Tsunoda TSU
2023,Belgium,10,1.4,1.2,11,0,6,17.87,61.93,966.63,11,28.24,130.05,1.59,Pierre Gasly GAS
2023,Belgium,27,1.1,1.6,18,0,20,17.87,61.93,966.63,11,28.24,130.05,1.59,Nico Hulkenberg HUL
2023,Belgium,3,1.0,1.7,16,0,11,17.87,61.93,966.63,11,28.24,130.05,1.59,Daniel Ricciardo RIC
2023,Belgium,20,1.0,1.6,15,0,18,17.87,61.93,966.63,11,28.24,130.05,1.59,Kevin Magnussen MAG
2023,Belgium,23,1.2,1.9,14,0,12,17.87,61.93,966.63,11,28.24,130.05,1.59,Alexander Albon ALB
2023,Belgium,24,0.9,1.6,13,0,19,17.87,61.93,966.63,11,28.24,130.05,1.59,Zhou Guanyu ZHO
2023,Belgium,77,1.5,1.6,12,0,17,17.87,61.93,966.63,11,28.24,130.05,1.59,Valtteri Bottas BOT
2023,Belgium,22,1.0,1.7,10,1,16,17.87,61.93,966.63,11,28.24,130.05,1.59,Yuki Tsunoda TSU
2023,Belgium,18,1.0,1.9,9,2,14,17.87,61.93,966.63,11,28.24,130.05,1.59,Lance Stroll STR
2023,Belgium,1,2.1,1.8,1,25,1,17.87,61.93,966.63,11,28.24,130.05,1.59,Max Verstappen VER
2023,Belgium,55,1.6,1.6,19,0,3,17.87,61.93,966.63,11,28.24,130.05,1.59,Carlos Sainz SAI
2023,Belgium,16,1.7,1.6,3,15,4,17.87,61.93,966.63,11,28.24,130.05,1.59,Charles Leclerc LEC
2023,Belgium,44,2.2,1.9,4,13,7,17.87,61.93,966.63,11,28.24,130.05,1.59,Lewis Hamilton HAM
2023,Belgium,14,1.2,1.9,5,10,15,17.87,61.93,966.63,11,28.24,130.05,1.59,Fernando Alonso ALO
2023,Belgium,11,1.3,1.8,2,18,8,17.87,61.93,966.63,11,28.24,130.05,1.59,Sergio Perez PER
2023,Belgium,4,1.6,1.9,7,6,5,17.87,61.93,966.63,11,28.24,130.05,1.59,Lando Norris NOR
2023,Belgium,31,1.4,1.2,8,4,9,17.87,61.93,966.63,11,28.24,130.05,1.59,Esteban Ocon OCO
2023,Belgium,63,1.8,1.9,6,8,10,17.87,61.93,966.63,11,28.24,130.05,1.59,George Russell RUS
2023,Netherlands,77,1.5,1.6,14,0,19,16.79,70.78,1007.82,48,24.94,173.24,2.82,Valtteri Bottas BOT
2023,Netherlands,3,1.0,1.7,20,0,20,16.79,70.78,1007.82,48,24.94,173.24,2.82,Daniel Ricciardo RIC
2023,Netherlands,16,1.7,1.6,18,0,9,16.79,70.78,1007.82,48,24.94,173.24,2.82,Charles Leclerc LEC
2023,Netherlands,24,0.9,1.6,18,0,16,16.79,70.78,1007.82,48,24.94,173.24,2.82,Zhou Guanyu ZHO
2023,Netherlands,63,1.8,1.9,17,0,3,16.79,70.78,1007.82,48,24.94,173.24,2.82,George Russell RUS
2023,Netherlands,20,1.0,1.6,16,0,18,16.79,70.78,1007.82,48,24.94,173.24,2.82,Kevin Magnussen MAG
2023,Netherlands,22,1.0,1.7,15,0,14,16.79,70.78,1007.82,48,24.94,173.24,2.82,Yuki Tsunoda TSU
2023,Netherlands,1,2.1,1.8,1,25,1,16.79,70.78,1007.82,48,24.94,173.24,2.82,Max Verstappen VER
2023,Netherlands,18,1.0,1.9,11,0,11,16.79,70.78,1007.82,48,24.94,173.24,2.82,Lance Stroll STR
2023,Netherlands,31,1.4,1.2,10,1,17,16.79,70.78,1007.82,48,24.94,173.24,2.82,Esteban Ocon OCO
2023,Netherlands,4,1.6,1.9,7,6,2,16.79,70.78,1007.82,48,24.94,173.24,2.82,Lando Norris NOR
2023,Netherlands,44,2.2,1.9,6,8,13,16.79,70.78,1007.82,48,24.94,173.24,2.82,Lewis Hamilton HAM
2023,Netherlands,55,1.6,1.6,5,10,6,16.79,70.78,1007.82,48,24.94,173.24,2.82,Carlos Sainz SAI
2023,Netherlands,11,1.3,1.8,4,12,7,16.79,70.78,1007.82,48,24.94,173.24,2.82,Sergio Perez PER
2023,Netherlands,10,1.4,1.2,3,15,12,16.79,70.78,1007.82,48,24.94,173.24,2.82,Pierre Gasly GAS
2023,Netherlands,14,1.2,1.9,2,19,5,16.79,70.78,1007.82,48,24.94,173.24,2.82,Fernando Alonso ALO
2023,Netherlands,27,1.1,1.6,12,0,15,16.79,70.78,1007.82,48,24.94,173.24,2.82,Nico Hulkenberg HUL
2023,Netherlands,23,1.2,1.9,8,4,4,16.79,70.78,1007.82,48,24.94,173.24,2.82,Alexander Albon ALB
2023,Italy,31,1.4,1.2,19,0,18,29.33,42.32,1000.56,0,42.93,179.27,1.14,Esteban Ocon OCO
2023,Italy,27,1.1,1.6,17,0,13,29.33,42.32,1000.56,0,42.93,179.27,1.14,Nico Hulkenberg HUL
2023,Italy,20,1.0,1.6,18,0,19,29.33,42.32,1000.56,0,42.93,179.27,1.14,Kevin Magnussen MAG
2023,Italy,18,1.0,1.9,16,0,20,29.33,42.32,1000.56,0,42.93,179.27,1.14,Lance Stroll STR
2023,Italy,10,1.4,1.2,15,0,17,29.33,42.32,1000.56,0,42.93,179.27,1.14,Pierre Gasly GAS
2023,Italy,24,0.9,1.6,14,0,16,29.33,42.32,1000.56,0,42.93,179.27,1.14,Zhou Guanyu ZHO
2023,Italy,77,1.5,1.6,10,1,14,29.33,42.32,1000.56,0,42.93,179.27,1.14,Valtteri Bottas BOT
2023,Italy,14,1.2,1.9,9,2,10,29.33,42.32,1000.56,0,42.93,179.27,1.14,Fernando Alonso ALO
2023,Italy,4,1.6,1.9,8,4,9,29.33,42.32,1000.56,0,42.93,179.27,1.14,Lando Norris NOR
2023,Italy,23,1.2,1.9,7,6,6,29.33,42.32,1000.56,0,42.93,179.27,1.14,Alexander Albon ALB
2023,Italy,44,2.2,1.9,6,8,8,29.33,42.32,1000.56,0,42.93,179.27,1.14,Lewis Hamilton HAM
2023,Italy,22,1.0,1.7,19,0,11,29.33,42.32,1000.56,0,42.93,179.27,1.14,Yuki Tsunoda TSU
2023,Italy,16,1.7,1.6,4,12,3,29.33,42.32,1000.56,0,42.93,179.27,1.14,Charles Leclerc LEC
2023,Italy,63,1.8,1.9,5,10,4,29.33,42.32,1000.56,0,42.93,179.27,1.14,George Russell RUS
2023,Italy,11,1.3,1.8,2,18,5,29.33,42.32,1000.56,0,42.93,179.27,1.14,Sergio Perez PER
2023,Italy,55,1.6,1.6,3,15,1,29.33,42.32,1000.56,0,42.93,179.27,1.14,Carlos Sainz SAI
2023,Italy,1,2.1,1.8,1,25,2,29.33,42.32,1000.56,0,42.93,179.27,1.14,Max Verstappen VER
2023,Singapore,23,1.2,1.9,11,0,14,29.84,72.03,1008.98,0,36.42,169.28,1.42,Alexander Albon ALB
2023,Singapore,24,0.9,1.6,12,0,19,29.84,72.03,1008.98,0,36.42,169.28,1.42,Zhou Guanyu ZHO
2023,Singapore,27,1.1,1.6,13,0,9,29.84,72.03,1008.98,0,36.42,169.28,1.42,Nico Hulkenberg HUL
2023,Singapore,14,1.2,1.9,15,0,7,29.84,72.03,1008.98,0,36.42,169.28,1.42,Fernando Alonso ALO
2023,Singapore,77,1.5,1.6,17,0,16,29.84,72.03,1008.98,0,36.42,169.28,1.42,Valtteri Bottas BOT
2023,Singapore,31,1.4,1.2,17,0,8,29.84,72.03,1008.98,0,36.42,169.28,1.42,Esteban Ocon OCO
2023,Singapore,22,1.0,1.7,17,0,15,29.84,72.03,1008.98,0,36.42,169.28,1.42,Yuki Tsunoda TSU
2023,Singapore,55,1.6,1.6,1,25,1,29.84,72.03,1008.98,0,36.42,169.28,1.42,Carlos Sainz SAI
2023,Singapore,18,1.0,1.9,20,0,20,29.84,72.03,1008.98,0,36.42,169.28,1.42,Lance Stroll STR
2023,Singapore,20,1.0,1.6,10,1,6,29.84,72.03,1008.98,0,36.42,169.28,1.42,Kevin Magnussen MAG
2023,Singapore,63,1.8,1.9,16,0,2,29.84,72.03,1008.98,0,36.42,169.28,1.42,George Russell RUS
2023,Singapore,4,1.6,1.9,2,18,4,29.84,72.03,1008.98,0,36.42,169.28,1.42,Lando Norris NOR
2023,Singapore,1,2.1,1.8,5,10,11,29.84,72.03,1008.98,0,36.42,169.28,1.42,Max Verstappen VER
2023,Singapore,11,1.3,1.8,8,4,13,29.84,72.03,1008.98,0,36.42,169.28,1.42,Sergio Perez PER
2023,Singapore,44,2.2,1.9,3,16,5,29.84,72.03,1008.98,0,36.42,169.28,1.42,Lewis Hamilton HAM
2023,Singapore,16,1.7,1.6,4,12,3,29.84,72.03,1008.98,0,36.42,169.28,1.42,Charles Leclerc LEC
2023,Singapore,10,1.4,1.2,6,8,12,29.84,72.03,1008.98,0,36.42,169.28,1.42,Pierre Gasly GAS
2023,Japan,27,1.1,1.6,14,0,18,27.29,42.32,1012.93,0,42.07,121.51,1.83,Nico Hulkenberg HUL
2023,Japan,20,1.0,1.6,15,0,15,27.29,42.32,1012.93,0,42.07,121.51,1.83,Kevin Magnussen MAG
2023,Japan,23,1.2,1.9,16,0,13,27.29,42.32,1012.93,0,42.07,121.51,1.83,Alexander Albon ALB
2023,Japan,18,1.0,1.9,16,0,17,27.29,42.32,1012.93,0,42.07,121.51,1.83,Lance Stroll STR
2023,Japan,11,1.3,1.8,16,0,5,27.29,42.32,1012.93,0,42.07,121.51,1.83,Sergio Perez PER
2023,Japan,77,1.5,1.6,16,0,16,27.29,42.32,1012.93,0,42.07,121.51,1.83,Valtteri Bottas BOT
2023,Japan,10,1.4,1.2,10,1,12,27.29,42.32,1012.93,0,42.07,121.51,1.83,Pierre Gasly GAS
2023,Japan,1,2.1,1.8,1,26,1,27.29,42.32,1012.93,0,42.07,121.51,1.83,Max Verstappen VER
2023,Japan,4,1.6,1.9,2,18,3,27.29,42.32,1012.93,0,42.07,121.51,1.83,Lando Norris NOR
2023,Japan,16,1.7,1.6,4,12,4,27.29,42.32,1012.93,0,42.07,121.51,1.83,Charles Leclerc LEC
2023,Japan,44,2.2,1.9,5,10,7,27.29,42.32,1012.93,0,42.07,121.51,1.83,Lewis Hamilton HAM
2023,Japan,55,1.6,1.6,6,8,6,27.29,42.32,1012.93,0,42.07,121.51,1.83,Carlos Sainz SAI
2023,Japan,63,1.8,1.9,7,6,8,27.29,42.32,1012.93,0,42.07,121.51,1.83,George Russell RUS
2023,Japan,14,1.2,1.9,8,4,10,27.29,42.32,1012.93,0,42.07,121.51,1.83,Fernando Alonso ALO
2023,Japan,31,1.4,1.2,9,2,14,27.29,42.32,1012.93,0,42.07,121.51,1.83,Esteban Ocon OCO
2023,Japan,24,0.9,1.6,13,0,19,27.29,42.32,1012.93,0,42.07,121.51,1.83,Zhou Guanyu ZHO
2023,Japan,22,1.0,1.7,12,0,9,27.29,42.32,1012.93,0,42.07,121.51,1.83,Yuki Tsunoda TSU
2023,Qatar,1,2.1,1.8,1,26,3,31.46,73.16,1009.77,0,36.93,203.58,0.89,Max Verstappen VER
2023,Qatar,44,2.2,1.9,18,0,12,31.46,73.16,1009.77,0,36.93,203.58,0.89,Lewis Hamilton HAM
2023,Qatar,63,1.8,1.9,4,12,4,31.46,73.16,1009.77,0,36.93,203.58,0.89,George Russell RUS
2023,Qatar,55,1.6,1.6,18,0,5,31.46,73.16,1009.77,0,36.93,203.58,0.89,Carlos Sainz SAI
2023,Qatar,16,1.7,1.6,5,10,6,31.46,73.16,1009.77,0,36.93,203.58,0.89,Charles Leclerc LEC
2023,Qatar,14,1.2,1.9,6,8,9,31.46,73.16,1009.77,0,36.93,203.58,0.89,Fernando Alonso ALO
2023,Qatar,31,1.4,1.2,7,6,10,31.46,73.16,1009.77,0,36.93,203.58,0.89,Esteban Ocon OCO
2023,Qatar,77,1.5,1.6,8,4,13,31.46,73.16,1009.77,0,36.93,203.58,0.89,Valtteri Bottas BOT
2023,Qatar,24,0.9,1.6,9,2,15,31.46,73.16,1009.77,0,36.93,203.58,0.89,Zhou Guanyu ZHO
2023,Qatar,11,1.3,1.8,10,1,8,31.46,73.16,1009.77,0,36.93,203.58,0.89,Sergio Perez PER
2023,Qatar,4,1.6,1.9,3,15,2,31.46,73.16,1009.77,0,36.93,203.58,0.89,Lando Norris NOR
2023,Qatar,10,1.4,1.2,12,0,11,31.46,73.16,1009.77,0,36.93,203.58,0.89,Pierre Gasly GAS
2023,Qatar,23,1.2,1.9,13,0,17,31.46,73.16,1009.77,0,36.93,203.58,0.89,Alexander Albon ALB
2023,Qatar,20,1.0,1.6,14,0,19,31.46,73.16,1009.77,0,36.93,203.58,0.89,Kevin Magnussen MAG
2023,Qatar,22,1.0,1.7,15,0,18,31.46,73.16,1009.77,0,36.93,203.58,0.89,Yuki Tsunoda TSU
2023,Qatar,27,1.1,1.6,16,0,7,31.46,73.16,1009.77,0,36.93,203.58,0.89,Nico Hulkenberg HUL
2023,Qatar,18,1.0,1.9,11,0,16,31.46,73.16,1009.77,0,36.93,203.58,0.89,Lance Stroll STR
2023,United States,14,1.2,1.9,16,0,12,29.96,41.91,993.73,0,40.63,107.89,3.31,Fernando Alonso ALO
2023,United States,3,1.0,1.7,15,0,11,29.96,41.91,993.73,0,40.63,107.89,3.31,Daniel Ricciardo RIC
2023,United States,20,1.0,1.6,14,0,17,29.96,41.91,993.73,0,40.63,107.89,3.31,Kevin Magnussen MAG
2023,United States,24,0.9,1.6,13,0,15,29.96,41.91,993.73,0,40.63,107.89,3.31,Zhou Guanyu ZHO
2023,United States,77,1.5,1.6,12,0,18,29.96,41.91,993.73,0,40.63,107.89,3.31,Valtteri Bottas BOT
2023,United States,27,1.1,1.6,11,0,16,29.96,41.91,993.73,0,40.63,107.89,3.31,Nico Hulkenberg HUL
2023,United States,10,1.4,1.2,6,8,10,29.96,41.91,993.73,0,40.63,107.89,3.31,Pierre Gasly GAS
2023,United States,22,1.0,1.7,8,5,19,29.96,41.91,993.73,0,40.63,107.89,3.31,Yuki Tsunoda TSU
2023,United States,18,1.0,1.9,7,6,14,29.96,41.91,993.73,0,40.63,107.89,3.31,Lance Stroll STR
2023,United States,63,1.8,1.9,5,10,8,29.96,41.91,993.73,0,40.63,107.89,3.31,George Russell RUS
2023,United States,16,1.7,1.6,16,0,2,29.96,41.91,993.73,0,40.63,107.89,3.31,Charles Leclerc LEC
2023,United States,11,1.3,1.8,4,12,7,29.96,41.91,993.73,0,40.63,107.89,3.31,Sergio Perez PER
2023,United States,55,1.6,1.6,3,15,6,29.96,41.91,993.73,0,40.63,107.89,3.31,Carlos Sainz SAI
2023,United States,44,2.2,1.9,16,0,3,29.96,41.91,993.73,0,40.63,107.89,3.31,Lewis Hamilton HAM
2023,United States,1,2.1,1.8,1,25,1,29.96,41.91,993.73,0,40.63,107.89,3.31,Max Verstappen VER
2023,United States,23,1.2,1.9,9,2,9,29.96,41.91,993.73,0,40.63,107.89,3.31,Alexander Albon ALB
2023,United States,4,1.6,1.9,2,18,4,29.96,41.91,993.73,0,40.63,107.89,3.31,Lando Norris NOR
2023,United States,31,1.4,1.2,16,0,13,29.96,41.91,993.73,0,40.63,107.89,3.31,Esteban Ocon OCO
2023,Mexico,1,2.1,1.8,1,25,3,25.55,23.55,779.52,0,45.64,247.68,1.49,Max Verstappen VER
2023,Mexico,16,1.7,1.6,3,15,1,25.55,23.55,779.52,0,45.64,247.68,1.49,Charles Leclerc LEC
2023,Mexico,55,1.6,1.6,4,12,2,25.55,23.55,779.52,0,45.64,247.68,1.49,Carlos Sainz SAI
2023,Mexico,4,1.6,1.9,5,10,19,25.55,23.55,779.52,0,45.64,247.68,1.49,Lando Norris NOR
2023,Mexico,63,1.8,1.9,6,8,8,25.55,23.55,779.52,0,45.64,247.68,1.49,George Russell RUS
2023,Mexico,3,1.0,1.7,7,6,4,25.55,23.55,779.52,0,45.64,247.68,1.49,Daniel Ricciardo RIC
2023,Mexico,23,1.2,1.9,9,2,14,25.55,23.55,779.52,0,45.64,247.68,1.49,Alexander Albon ALB
2023,Mexico,31,1.4,1.2,10,1,16,25.55,23.55,779.52,0,45.64,247.68,1.49,Esteban Ocon OCO
2023,Mexico,10,1.4,1.2,11,0,11,25.55,23.55,779.52,0,45.64,247.68,1.49,Pierre Gasly GAS
2023,Mexico,27,1.1,1.6,13,0,12,25.55,23.55,779.52,0,45.64,247.68,1.49,Nico Hulkenberg HUL
2023,Mexico,22,1.0,1.7,12,0,15,25.55,23.55,779.52,0,45.64,247.68,1.49,Yuki Tsunoda TSU
2023,Mexico,11,1.3,1.8,18,0,5,25.55,23.55,779.52,0,45.64,247.68,1.49,Sergio Perez PER
2023,Mexico,44,2.2,1.9,2,19,6,25.55,23.55,779.52,0,45.64,247.68,1.49,Lewis Hamilton HAM
2023,Mexico,14,1.2,1.9,18,0,13,25.55,23.55,779.52,0,45.64,247.68,1.49,Fernando Alonso ALO
2023,Mexico,18,1.0,1.9,17,0,18,25.55,23.55,779.52,0,45.64,247.68,1.49,Lance Stroll STR
2023,Mexico,24,0.9,1.6,14,0,10,25.55,23.55,779.52,0,45.64,247.68,1.49,Zhou Guanyu ZHO
2023,Mexico,77,1.5,1.6,15,0,9,25.55,23.55,779.52,0,45.64,247.68,1.49,Valtteri Bottas BOT
2023,Mexico,20,1.0,1.6,18,0,17,25.55,23.55,779.52,0,45.64,247.68,1.49,Kevin Magnussen MAG
2023,Brazil,23,1.2,1.9,15,0,19,20.46,58.17,927.9,1,46.78,184.16,1.31,Alexander Albon ALB
2023,Brazil,24,0.9,1.6,15,0,18,20.46,58.17,927.9,1,46.78,184.16,1.31,Zhou Guanyu ZHO
2023,Brazil,77,1.5,1.6,15,0,14,20.46,58.17,927.9,1,46.78,184.16,1.31,Valtteri Bottas BOT
2023,Brazil,63,1.8,1.9,15,0,4,20.46,58.17,927.9,1,46.78,184.16,1.31,George Russell RUS
2023,Brazil,3,1.0,1.7,13,0,8,20.46,58.17,927.9,1,46.78,184.16,1.31,Daniel Ricciardo RIC
2023,Brazil,27,1.1,1.6,12,0,12,20.46,58.17,927.9,1,46.78,184.16,1.31,Nico Hulkenberg HUL
2023,Brazil,22,1.0,1.7,9,2,6,20.46,58.17,927.9,1,46.78,184.16,1.31,Yuki Tsunoda TSU
2023,Brazil,44,2.2,1.9,8,4,5,20.46,58.17,927.9,1,46.78,184.16,1.31,Lewis Hamilton HAM
2023,Brazil,10,1.4,1.2,7,6,13,20.46,58.17,927.9,1,46.78,184.16,1.31,Pierre Gasly GAS
2023,Brazil,55,1.6,1.6,6,8,9,20.46,58.17,927.9,1,46.78,184.16,1.31,Carlos Sainz SAI
2023,Brazil,11,1.3,1.8,4,12,3,20.46,58.17,927.9,1,46.78,184.16,1.31,Sergio Perez PER
2023,Brazil,14,1.2,1.9,3,15,15,20.46,58.17,927.9,1,46.78,184.16,1.31,Fernando Alonso ALO
2023,Brazil,4,1.6,1.9,2,19,1,20.46,58.17,927.9,1,46.78,184.16,1.31,Lando Norris NOR
2023,Brazil,1,2.1,1.8,1,25,2,20.46,58.17,927.9,1,46.78,184.16,1.31,Max Verstappen VER
2023,Brazil,16,1.7,1.6,15,0,7,20.46,58.17,927.9,1,46.78,184.16,1.31,Charles Leclerc LEC
2023,Brazil,31,1.4,1.2,10,1,16,20.46,58.17,927.9,1,46.78,184.16,1.31,Esteban Ocon OCO
2023,Brazil,18,1.0,1.9,5,10,17,20.46,58.17,927.9,1,46.78,184.16,1.31,Lance Stroll STR
2023,Brazil,20,1.0,1.6,15,0,11,20.46,58.17,927.9,1,46.78,184.16,1.31,Kevin Magnussen MAG
2023,Las Vegas,16,1.7,1.6,2,18,1,18.05,47.36,939.78,0,17.99,220.33,2.3,Charles Leclerc LEC
2023,Las Vegas,1,2.1,1.8,1,25,3,18.05,47.36,939.78,0,17.99,220.33,2.3,Max Verstappen VER
2023,Las Vegas,4,1.6,1.9,20,0,16,18.05,47.36,939.78,0,17.99,220.33,2.3,Lando Norris NOR
2023,Las Vegas,27,1.1,1.6,19,0,13,18.05,47.36,939.78,0,17.99,220.33,2.3,Nico Hulkenberg HUL
2023,Las Vegas,77,1.5,1.6,17,0,8,18.05,47.36,939.78,0,17.99,220.33,2.3,Valtteri Bottas BOT
2023,Las Vegas,24,0.9,1.6,15,0,18,18.05,47.36,939.78,0,17.99,220.33,2.3,Zhou Guanyu ZHO
2023,Las Vegas,3,1.0,1.7,14,0,15,18.05,47.36,939.78,0,17.99,220.33,2.3,Daniel Ricciardo RIC
2023,Las Vegas,20,1.0,1.6,13,0,9,18.05,47.36,939.78,0,17.99,220.33,2.3,Kevin Magnussen MAG
2023,Las Vegas,23,1.2,1.9,12,0,6,18.05,47.36,939.78,0,17.99,220.33,2.3,Alexander Albon ALB
2023,Las Vegas,22,1.0,1.7,18,0,20,18.05,47.36,939.78,0,17.99,220.33,2.3,Yuki Tsunoda TSU
2023,Las Vegas,14,1.2,1.9,9,2,10,18.05,47.36,939.78,0,17.99,220.33,2.3,Fernando Alonso ALO
2023,Las Vegas,63,1.8,1.9,8,4,4,18.05,47.36,939.78,0,17.99,220.33,2.3,George Russell RUS
2023,Las Vegas,44,2.2,1.9,7,6,11,18.05,47.36,939.78,0,17.99,220.33,2.3,Lewis Hamilton HAM
2023,Las Vegas,55,1.6,1.6,6,8,2,18.05,47.36,939.78,0,17.99,220.33,2.3,Carlos Sainz SAI
2023,Las Vegas,18,1.0,1.9,5,10,14,18.05,47.36,939.78,0,17.99,220.33,2.3,Lance Stroll STR
2023,Las Vegas,31,1.4,1.2,4,12,17,18.05,47.36,939.78,0,17.99,220.33,2.3,Esteban Ocon OCO
2023,Las Vegas,10,1.4,1.2,11,0,5,18.05,47.36,939.78,0,17.99,220.33,2.3,Pierre Gasly GAS
2023,Las Vegas,11,1.3,1.8,3,15,12,18.05,47.36,939.78,0,17.99,220.33,2.3,Sergio Perez PER
2023,Abu Dhabi,10,1.4,1.2,13,0,10,26.96,51.0,1014.93,0,33.46,284.94,1.79,Pierre Gasly GAS
2023,Abu Dhabi,31,1.4,1.2,12,0,12,26.96,51.0,1014.93,0,33.46,284.94,1.79,Esteban Ocon OCO
2023,Abu Dhabi,3,1.0,1.7,11,0,15,26.96,51.0,1014.93,0,33.46,284.94,1.79,Daniel Ricciardo RIC
2023,Abu Dhabi,18,1.0,1.9,10,1,13,26.96,51.0,1014.93,0,33.46,284.94,1.79,Lance Stroll STR
2023,Abu Dhabi,44,2.2,1.9,9,2,11,26.96,51.0,1014.93,0,33.46,284.94,1.79,Lewis Hamilton HAM
2023,Abu Dhabi,22,1.0,1.7,8,4,6,26.96,51.0,1014.93,0,33.46,284.94,1.79,Yuki Tsunoda TSU
2023,Abu Dhabi,4,1.6,1.9,5,10,5,26.96,51.0,1014.93,0,33.46,284.94,1.79,Lando Norris NOR
2023,Abu Dhabi,11,1.3,1.8,4,12,9,26.96,51.0,1014.93,0,33.46,284.94,1.79,Sergio Perez PER
2023,Abu Dhabi,63,1.8,1.9,3,15,4,26.96,51.0,1014.93,0,33.46,284.94,1.79,George Russell RUS
2023,Abu Dhabi,16,1.7,1.6,2,18,2,26.96,51.0,1014.93,0,33.46,284.94,1.79,Charles Leclerc LEC
2023,Abu Dhabi,23,1.2,1.9,14,0,14,26.96,51.0,1014.93,0,33.46,284.94,1.79,Alexander Albon ALB
2023,Abu Dhabi,14,1.2,1.9,7,6,7,26.96,51.0,1014.93,0,33.46,284.94,1.79,Fernando Alonso ALO
2023,Abu Dhabi,27,1.1,1.6,15,0,8,26.96,51.0,1014.93,0,33.46,284.94,1.79,Nico Hulkenberg HUL
2023,Abu Dhabi,24,0.9,1.6,17,0,19,26.96,51.0,1014.93,0,33.46,284.94,1.79,Zhou Guanyu ZHO
2023,Abu Dhabi,55,1.6,1.6,18,0,16,26.96,51.0,1014.93,0,33.46,284.94,1.79,Carlos Sainz SAI
2023,Abu Dhabi,77,1.5,1.6,19,0,18,26.96,51.0,1014.93,0,33.46,284.94,1.79,Valtteri Bottas BOT
2023,Abu Dhabi,20,1.0,1.6,20,0,17,26.96,51.0,1014.93,0,33.46,284.94,1.79,Kevin Magnussen MAG
2023,Abu Dhabi,1,2.1,1.8,1,26,1,26.96,51.0,1014.93,0,33.46,284.94,1.79,Max Verstappen VER
2024,Bahrain,1,2.1,1.8,1,26,1,18.23,48.82,1017.19,0,23.65,89.8,0.79,Max Verstappen VER
2024,Bahrain,55,1.6,1.6,3,15,4,18.23,48.82,1017.19,0,23.65,89.8,0.79,Carlos Sainz SAI
2024,Bahrain,16,1.7,1.6,4,12,2,18.23,48.82,1017.19,0,23.65,89.8,0.79,Charles Leclerc LEC
2024,Bahrain,63,1.8,1.9,5,10,3,18.23,48.82,1017.19,0,23.65,89.8,0.79,George Russell RUS
2024,Bahrain,4,1.6,1.9,6,8,7,18.23,48.82,1017.19,0,23.65,89.8,0.79,Lando Norris NOR
2024,Bahrain,44,2.2,1.9,7,6,9,18.23,48.82,1017.19,0,23.65,89.8,0.79,Lewis Hamilton HAM
2024,Bahrain,14,1.2,1.9,9,2,6,18.23,48.82,1017.19,0,23.65,89.8,0.79,Fernando Alonso ALO
2024,Bahrain,18,1.0,1.9,10,1,12,18.23,48.82,1017.19,0,23.65,89.8,0.79,Lance Stroll STR
2024,Bahrain,24,0.9,1.6,11,0,17,18.23,48.82,1017.19,0,23.65,89.8,0.79,Zhou Guanyu ZHO
2024,Bahrain,20,1.0,1.6,12,0,15,18.23,48.82,1017.19,0,23.65,89.8,0.79,Kevin Magnussen MAG
2024,Bahrain,3,1.0,1.7,13,0,14,18.23,48.82,1017.19,0,23.65,89.8,0.79,Daniel Ricciardo RIC
2024,Bahrain,22,1.0,1.7,14,0,11,18.23,48.82,1017.19,0,23.65,89.8,0.79,Yuki Tsunoda TSU
2024,Bahrain,23,1.2,1.9,15,0,13,18.23,48.82,1017.19,0,23.65,89.8,0.79,Alexander Albon ALB
2024,Bahrain,27,1.1,1.6,16,0,10,18.23,48.82,1017.19,0,23.65,89.8,0.79,Nico Hulkenberg HUL
2024,Bahrain,31,1.4,1.2,17,0,19,18.23,48.82,1017.19,0,23.65,89.8,0.79,Esteban Ocon OCO
2024,Bahrain,10,1.4,1.2,18,0,20,18.23,48.82,1017.19,0,23.65,89.8,0.79,Pierre Gasly GAS
2024,Bahrain,77,1.5,1.6,19,0,16,18.23,48.82,1017.19,0,23.65,89.8,0.79,Valtteri Bottas BOT
2024,Bahrain,11,1.3,1.8,2,18,5,18.23,48.82,1017.19,0,23.65,89.8,0.79,Sergio Perez PER
2024,Saudi Arabia,55,1.6,1.6,20,0,20,25.53,62.34,1012.68,0,31.59,129.14,1.3,Carlos Sainz SAI
2024,Saudi Arabia,11,1.3,1.8,2,18,3,25.53,62.34,1012.68,0,31.59,129.14,1.3,Sergio Perez PER
2024,Saudi Arabia,18,1.0,1.9,19,0,10,25.53,62.34,1012.68,0,31.59,129.14,1.3,Lance Stroll STR
2024,Saudi Arabia,24,0.9,1.6,18,0,20,25.53,62.34,1012.68,0,31.59,129.14,1.3,Zhou Guanyu ZHO
2024,Saudi Arabia,77,1.5,1.6,17,0,16,25.53,62.34,1012.68,0,31.59,129.14,1.3,Valtteri Bottas BOT
2024,Saudi Arabia,3,1.0,1.7,16,0,14,25.53,62.34,1012.68,0,31.59,129.14,1.3,Daniel Ricciardo RIC
2024,Saudi Arabia,22,1.0,1.7,15,0,9,25.53,62.34,1012.68,0,31.59,129.14,1.3,Yuki Tsunoda TSU
2024,Saudi Arabia,31,1.4,1.2,13,0,17,25.53,62.34,1012.68,0,31.59,129.14,1.3,Esteban Ocon OCO
2024,Saudi Arabia,20,1.0,1.6,12,0,13,25.53,62.34,1012.68,0,31.59,129.14,1.3,Kevin Magnussen MAG
2024,Saudi Arabia,23,1.2,1.9,11,0,12,25.53,62.34,1012.68,0,31.59,129.14,1.3,Alexander Albon ALB
2024,Saudi Arabia,27,1.1,1.6,10,1,15,25.53,62.34,1012.68,0,31.59,129.14,1.3,Nico Hulkenberg HUL
2024,Saudi Arabia,44,2.2,1.9,9,2,8,25.53,62.34,1012.68,0,31.59,129.14,1.3,Lewis Hamilton HAM
2024,Saudi Arabia,4,1.6,1.9,8,4,6,25.53,62.34,1012.68,0,31.59,129.14,1.3,Lando Norris NOR
2024,Saudi Arabia,63,1.8,1.9,6,8,7,25.53,62.34,1012.68,0,31.59,129.14,1.3,George Russell RUS
2024,Saudi Arabia,14,1.2,1.9,5,10,4,25.53,62.34,1012.68,0,31.59,129.14,1.3,Fernando Alonso ALO
2024,Saudi Arabia,16,1.7,1.6,3,16,2,25.53,62.34,1012.68,0,31.59,129.14,1.3,Charles Leclerc LEC
2024,Saudi Arabia,1,2.1,1.8,1,25,1,25.53,62.34,1012.68,0,31.59,129.14,1.3,Max Verstappen VER
2024,Saudi Arabia,10,1.4,1.2,19,0,18,25.53,62.34,1012.68,0,31.59,129.14,1.3,Pierre Gasly GAS
2024,Australia,55,1.6,1.6,1,25,2,20.62,44.45,1020.6,0,38.4,154.78,0.95,Carlos Sainz SAI
2024,Australia,1,2.1,1.8,18,0,1,20.62,44.45,1020.6,0,38.4,154.78,0.95,Max Verstappen VER
2024,Australia,44,2.2,1.9,18,0,11,20.62,44.45,1020.6,0,38.4,154.78,0.95,Lewis Hamilton HAM
2024,Australia,63,1.8,1.9,17,0,7,20.62,44.45,1020.6,0,38.4,154.78,0.95,George Russell RUS
2024,Australia,31,1.4,1.2,16,0,15,20.62,44.45,1020.6,0,38.4,154.78,0.95,Esteban Ocon OCO
2024,Australia,24,0.9,1.6,15,0,19,20.62,44.45,1020.6,0,38.4,154.78,0.95,Zhou Guanyu ZHO
2024,Australia,10,1.4,1.2,13,0,17,20.62,44.45,1020.6,0,38.4,154.78,0.95,Pierre Gasly GAS
2024,Australia,3,1.0,1.7,12,0,18,20.62,44.45,1020.6,0,38.4,154.78,0.95,Daniel Ricciardo RIC
2024,Australia,23,1.2,1.9,11,0,12,20.62,44.45,1020.6,0,38.4,154.78,0.95,Alexander Albon ALB
2024,Australia,77,1.5,1.6,14,0,13,20.62,44.45,1020.6,0,38.4,154.78,0.95,Valtteri Bottas BOT
2024,Australia,27,1.1,1.6,9,2,16,20.62,44.45,1020.6,0,38.4,154.78,0.95,Nico Hulkenberg HUL
2024,Australia,20,1.0,1.6,10,1,14,20.62,44.45,1020.6,0,38.4,154.78,0.95,Kevin Magnussen MAG
2024,Australia,4,1.6,1.9,3,15,4,20.62,44.45,1020.6,0,38.4,154.78,0.95,Lando Norris NOR
2024,Australia,11,1.3,1.8,5,10,3,20.62,44.45,1020.6,0,38.4,154.78,0.95,Sergio Perez PER
2024,Australia,16,1.7,1.6,2,19,5,20.62,44.45,1020.6,0,38.4,154.78,0.95,Charles Leclerc LEC
2024,Australia,22,1.0,1.7,7,6,8,20.62,44.45,1020.6,0,38.4,154.78,0.95,Yuki Tsunoda TSU
2024,Australia,14,1.2,1.9,8,4,10,20.62,44.45,1020.6,0,38.4,154.78,0.95,Fernando Alonso ALO
2024,Australia,18,1.0,1.9,6,8,9,20.62,44.45,1020.6,0,38.4,154.78,0.95,Lance Stroll STR
2024,Japan,20,1.0,1.6,13,0,18,21.69,43.43,1012.37,0,37.5,185.67,2.24,Kevin Magnussen MAG
2024,Japan,23,1.2,1.9,18,0,14,21.69,43.43,1012.37,0,37.5,185.67,2.24,Alexander Albon ALB
2024,Japan,3,1.0,1.7,18,0,11,21.69,43.43,1012.37,0,37.5,185.67,2.24,Daniel Ricciardo RIC
2024,Japan,24,0.9,1.6,18,0,20,21.69,43.43,1012.37,0,37.5,185.67,2.24,Zhou Guanyu ZHO
2024,Japan,10,1.4,1.2,16,0,17,21.69,43.43,1012.37,0,37.5,185.67,2.24,Pierre Gasly GAS
2024,Japan,31,1.4,1.2,15,0,15,21.69,43.43,1012.37,0,37.5,185.67,2.24,Esteban Ocon OCO
2024,Japan,77,1.5,1.6,14,0,13,21.69,43.43,1012.37,0,37.5,185.67,2.24,Valtteri Bottas BOT
2024,Japan,18,1.0,1.9,12,0,16,21.69,43.43,1012.37,0,37.5,185.67,2.24,Lance Stroll STR
2024,Japan,1,2.1,1.8,1,26,1,21.69,43.43,1012.37,0,37.5,185.67,2.24,Max Verstappen VER
2024,Japan,22,1.0,1.7,10,1,10,21.69,43.43,1012.37,0,37.5,185.67,2.24,Yuki Tsunoda TSU
2024,Japan,44,2.2,1.9,9,2,7,21.69,43.43,1012.37,0,37.5,185.67,2.24,Lewis Hamilton HAM
2024,Japan,63,1.8,1.9,7,6,9,21.69,43.43,1012.37,0,37.5,185.67,2.24,George Russell RUS
2024,Japan,14,1.2,1.9,6,8,5,21.69,43.43,1012.37,0,37.5,185.67,2.24,Fernando Alonso ALO
2024,Japan,4,1.6,1.9,5,10,3,21.69,43.43,1012.37,0,37.5,185.67,2.24,Lando Norris NOR
2024,Japan,16,1.7,1.6,4,12,8,21.69,43.43,1012.37,0,37.5,185.67,2.24,Charles Leclerc LEC
2024,Japan,55,1.6,1.6,3,15,4,21.69,43.43,1012.37,0,37.5,185.67,2.24,Carlos Sainz SAI
2024,Japan,27,1.1,1.6,11,0,12,21.69,43.43,1012.37,0,37.5,185.67,2.24,Nico Hulkenberg HUL
2024,Japan,11,1.3,1.8,2,18,2,21.69,43.43,1012.37,0,37.5,185.67,2.24,Sergio Perez PER
2024,China,11,1.3,1.8,3,15,6,18.64,66.06,1011.45,0,29.79,147.55,1.68,Sergio Perez PER
2024,China,1,2.1,1.8,1,25,4,18.64,66.06,1011.45,0,29.79,147.55,1.68,Max Verstappen VER
2024,China,22,1.0,1.7,18,0,19,18.64,66.06,1011.45,0,29.79,147.55,1.68,Yuki Tsunoda TSU
2024,China,3,1.0,1.7,18,0,14,18.64,66.06,1011.45,0,29.79,147.55,1.68,Daniel Ricciardo RIC
2024,China,20,1.0,1.6,16,0,12,18.64,66.06,1011.45,0,29.79,147.55,1.68,Kevin Magnussen MAG
2024,China,18,1.0,1.9,15,0,15,18.64,66.06,1011.45,0,29.79,147.55,1.68,Lance Stroll STR
2024,China,24,0.9,1.6,14,0,10,18.64,66.06,1011.45,0,29.79,147.55,1.68,Zhou Guanyu ZHO
2024,China,10,1.4,1.2,13,0,16,18.64,66.06,1011.45,0,29.79,147.55,1.68,Pierre Gasly GAS
2024,China,77,1.5,1.6,18,0,9,18.64,66.06,1011.45,0,29.79,147.55,1.68,Valtteri Bottas BOT
2024,China,23,1.2,1.9,12,0,18,18.64,66.06,1011.45,0,29.79,147.55,1.68,Alexander Albon ALB
2024,China,27,1.1,1.6,10,1,13,18.64,66.06,1011.45,0,29.79,147.55,1.68,Nico Hulkenberg HUL
2024,China,44,2.2,1.9,9,2,2,18.64,66.06,1011.45,0,29.79,147.55,1.68,Lewis Hamilton HAM
2024,China,14,1.2,1.9,7,7,3,18.64,66.06,1011.45,0,29.79,147.55,1.68,Fernando Alonso ALO
2024,China,63,1.8,1.9,6,8,11,18.64,66.06,1011.45,0,29.79,147.55,1.68,George Russell RUS
2024,China,55,1.6,1.6,5,10,5,18.64,66.06,1011.45,0,29.79,147.55,1.68,Carlos Sainz SAI
2024,China,16,1.7,1.6,4,12,7,18.64,66.06,1011.45,0,29.79,147.55,1.68,Charles Leclerc LEC
2024,China,31,1.4,1.2,11,0,17,18.64,66.06,1011.45,0,29.79,147.55,1.68,Esteban Ocon OCO
2024,China,4,1.6,1.9,2,18,1,18.64,66.06,1011.45,0,29.79,147.55,1.68,Lando Norris NOR
2024,Miami,16,1.7,1.6,3,15,2,28.52,59.01,1016.46,0,44.66,152.64,3.08,Charles Leclerc LEC
2024,Miami,11,1.3,1.8,4,12,3,28.52,59.01,1016.46,0,44.66,152.64,3.08,Sergio Perez PER
2024,Miami,55,1.6,1.6,5,10,5,28.52,59.01,1016.46,0,44.66,152.64,3.08,Carlos Sainz SAI
2024,Miami,44,2.2,1.9,6,8,12,28.52,59.01,1016.46,0,44.66,152.64,3.08,Lewis Hamilton HAM
2024,Miami,22,1.0,1.7,7,6,15,28.52,59.01,1016.46,0,44.66,152.64,3.08,Yuki Tsunoda TSU
2024,Miami,63,1.8,1.9,8,4,11,28.52,59.01,1016.46,0,44.66,152.64,3.08,George Russell RUS
2024,Miami,14,1.2,1.9,9,2,8,28.52,59.01,1016.46,0,44.66,152.64,3.08,Fernando Alonso ALO
2024,Miami,31,1.4,1.2,10,1,13,28.52,59.01,1016.46,0,44.66,152.64,3.08,Esteban Ocon OCO
2024,Miami,1,2.1,1.8,2,18,1,28.52,59.01,1016.46,0,44.66,152.64,3.08,Max Verstappen VER
2024,Miami,27,1.1,1.6,11,0,10,28.52,59.01,1016.46,0,44.66,152.64,3.08,Nico Hulkenberg HUL
2024,Miami,24,0.9,1.6,14,0,17,28.52,59.01,1016.46,0,44.66,152.64,3.08,Zhou Guanyu ZHO
2024,Miami,3,1.0,1.7,15,0,4,28.52,59.01,1016.46,0,44.66,152.64,3.08,Daniel Ricciardo RIC
2024,Miami,77,1.5,1.6,16,0,18,28.52,59.01,1016.46,0,44.66,152.64,3.08,Valtteri Bottas BOT
2024,Miami,18,1.0,1.9,17,0,7,28.52,59.01,1016.46,0,44.66,152.64,3.08,Lance Stroll STR
2024,Miami,23,1.2,1.9,18,0,20,28.52,59.01,1016.46,0,44.66,152.64,3.08,Alexander Albon ALB
2024,Miami,20,1.0,1.6,19,0,14,28.52,59.01,1016.46,0,44.66,152.64,3.08,Kevin Magnussen MAG
2024,Miami,10,1.4,1.2,12,0,16,28.52,59.01,1016.46,0,44.66,152.64,3.08,Pierre Gasly GAS
2024,Miami,4,1.6,1.9,1,25,9,28.52,59.01,1016.46,0,44.66,152.64,3.08,Lando Norris NOR
